timestamp,value,anomaly_score,label
2011-07-01 00:00:01,0.401048098657,0.0,0
2011-07-01 01:00:01,0.392718881005,0.0,0
2011-07-01 02:00:01,0.309996119798,0.0,0
2011-07-01 03:00:01,0.212938552018,0.0,0
2011-07-01 04:00:01,0.205800905571,0.0,0
2011-07-01 05:00:01,0.255867457952,0.0,0
2011-07-01 06:00:01,0.306630479265,0.0,0
2011-07-01 07:00:01,0.29600203814,0.0,0
2011-07-01 08:00:01,0.530440128999,0.0,0
2011-07-01 09:00:01,0.790249514633,0.0,0
2011-07-01 10:00:01,0.743906815883,0.0,0
2011-07-01 11:00:01,0.736919786741,0.0,0
2011-07-01 12:00:01,0.697582243361,0.0,0
2011-07-01 13:00:01,0.687341841286,0.0,0
2011-07-01 14:00:01,0.517447938078,0.0,0
2011-07-01 15:00:01,0.519026716424,0.0,0
2011-07-01 16:00:01,0.51413336812,0.0,0
2011-07-01 17:00:01,0.417275625868,0.0,0
2011-07-01 18:00:01,0.24845741212,0.0,0
2011-07-01 19:00:01,0.309360489543,0.0,0
2011-07-01 20:00:01,0.273067885947,0.0,0
2011-07-01 21:00:01,0.264461005442,0.0,0
2011-07-01 22:00:01,0.23187973727,0.0,0
2011-07-01 23:00:01,0.261552512902,0.0,0
2011-07-02 00:00:01,0.324815629448,0.0,0
2011-07-02 01:00:01,0.251320671322,0.0,0
2011-07-02 02:00:01,0.21464613516,0.0,0
2011-07-02 03:00:01,0.166280263697,0.0,0
2011-07-02 04:00:01,0.211815143689,0.0,0
2011-07-02 05:00:01,0.303217093576,0.0,0
2011-07-02 06:00:01,0.2878979686,0.0,0
2011-07-02 07:00:01,0.396715687694,0.0,0
2011-07-02 08:00:01,0.588415532379,0.0,0
2011-07-02 09:00:01,0.59337773192,0.0,0
2011-07-02 10:00:01,0.71387011592,0.0,0
2011-07-02 11:00:01,0.787525214093,0.0,0
2011-07-02 12:00:01,0.736921318877,0.0,0
2011-07-02 13:00:01,0.682062044372,0.0,0
2011-07-02 14:00:01,0.72266165164,0.0,0
2011-07-02 15:00:01,0.529339407129,0.0,0
2011-07-02 16:00:01,0.403918440491,0.0,0
2011-07-02 17:00:01,0.346285484196,0.0,0
2011-07-02 18:00:01,0.276515628398,0.0,0
2011-07-02 19:00:01,0.273633723983,0.0,0
2011-07-02 20:00:01,0.348633036515,0.0,0
2011-07-02 21:00:01,0.289148226997,0.0,0
2011-07-02 22:00:01,0.321686929479,0.0,0
2011-07-02 23:00:01,0.260040957735,0.0,0
2011-07-03 00:00:01,0.204862942608,0.0,0
2011-07-03 01:00:01,0.207419676118,0.0,0
2011-07-03 02:00:01,0.173298017129,0.0,0
2011-07-03 03:00:01,0.132202637198,0.0,0
2011-07-03 04:00:01,0.17089560971,0.0,0
2011-07-03 05:00:01,0.279315632688,0.0,0
2011-07-03 06:00:01,0.247734583438,0.0,0
2011-07-03 07:00:01,0.347788950248,0.0,0
2011-07-03 08:00:01,0.677039989488,0.0,0
2011-07-03 09:00:01,0.628506062686,0.0,0
2011-07-03 10:00:01,0.600754435803,0.0,0
2011-07-03 11:00:01,0.595576831487,0.0,0
2011-07-03 12:00:01,0.718312044267,0.0,0
2011-07-03 13:00:01,0.636428503882,0.0,0
2011-07-03 14:00:01,0.561490030939,0.0,0
2011-07-03 15:00:01,0.439826406276,0.0,0
2011-07-03 16:00:01,0.364600634261,0.0,0
2011-07-03 17:00:01,0.304671828772,0.0,0
2011-07-03 18:00:01,0.263320157909,0.0,0
2011-07-03 19:00:01,0.24291524883,0.0,0
2011-07-03 20:00:01,0.241346377957,0.0,0
2011-07-03 21:00:01,0.208214406325,0.0,0
2011-07-03 22:00:01,0.20241559894,0.0,0
2011-07-03 23:00:01,0.231243016929,0.0,0
2011-07-04 00:00:01,0.179941670478,0.0,0
2011-07-04 01:00:01,0.192673380292,0.0,0
2011-07-04 02:00:01,0.166335472132,0.0,0
2011-07-04 03:00:01,0.14227206431,0.0,0
2011-07-04 04:00:01,0.13035498909,0.0,0
2011-07-04 05:00:01,0.167021065133,0.0,0
2011-07-04 06:00:01,0.212676159718,0.0,0
2011-07-04 07:00:01,0.280531152468,0.0,0
2011-07-04 08:00:01,0.475011553443,0.0,0
2011-07-04 09:00:01,0.544187140505,0.0,0
2011-07-04 10:00:01,0.504340064024,0.0,0
2011-07-04 11:00:01,0.534922211188,0.0,0
2011-07-04 12:00:01,0.60978950038,0.0,0
2011-07-04 13:00:01,0.519403479245,0.0,0
2011-07-04 14:00:01,0.523303802344,0.0,0
2011-07-04 15:00:01,0.426077466417,0.0,0
2011-07-04 16:00:01,0.328359110681,0.0,0
2011-07-04 17:00:01,0.350118888796,0.0,0
2011-07-04 18:00:01,0.244078992995,0.0,0
2011-07-04 19:00:01,0.240777566013,0.0,0
2011-07-04 20:00:01,0.219701770288,0.0,0
2011-07-04 21:00:01,0.216081451577,0.0,0
2011-07-04 22:00:01,0.22231036663,0.0,0
2011-07-04 23:00:01,0.251700203323,0.0,0
2011-07-05 00:00:01,0.228566944935,0.0,0
2011-07-05 01:00:01,0.162717684817,0.0,0
2011-07-05 02:00:01,0.180383183189,0.0,0
2011-07-05 03:00:01,0.12846822497,0.0,0
2011-07-05 04:00:01,0.13198890411,0.0,0
2011-07-05 05:00:01,0.175684372523,0.0,0
2011-07-05 06:00:01,0.221543602021,0.0,0
2011-07-05 07:00:01,0.277728770304,0.0,0
2011-07-05 08:00:01,0.441068874921,0.0,0
2011-07-05 09:00:01,0.478228308548,0.0,0
2011-07-05 10:00:01,0.545594724496,0.0,0
2011-07-05 11:00:01,0.667490729295,0.0,0
2011-07-05 12:00:01,0.543584663105,0.0,0
2011-07-05 13:00:01,0.588245394138,0.0,0
2011-07-05 14:00:01,0.428748744016,0.0,0
2011-07-05 15:00:01,0.395360148449,0.0,0
2011-07-05 16:00:01,0.362225419824,0.0,0
2011-07-05 17:00:01,0.32167455849,0.0,0
2011-07-05 18:00:01,0.271341345083,0.0,0
2011-07-05 19:00:01,0.238122873903,0.0,0
2011-07-05 20:00:01,0.215218118536,0.0,0
2011-07-05 21:00:01,0.212734989045,0.0,0
2011-07-05 22:00:01,0.191313851687,0.0,0
2011-07-05 23:00:01,0.242111992062,0.0,0
2011-07-06 00:00:01,0.225081442142,0.0,0
2011-07-06 01:00:01,0.197461002199,0.0,0
2011-07-06 02:00:01,0.136700901134,0.0,0
2011-07-06 03:00:01,0.113719800728,0.0,0
2011-07-06 04:00:01,0.15875414394,0.0,0
2011-07-06 05:00:01,0.202746124147,0.0,0
2011-07-06 06:00:01,0.225718914303,0.0,0
2011-07-06 07:00:01,0.282354321784,0.0,0
2011-07-06 08:00:01,0.479532349027,0.0,0
2011-07-06 09:00:01,0.645141390712,0.0,0
2011-07-06 10:00:01,0.526166240452,0.0,0
2011-07-06 11:00:01,0.575165121144,0.0,0
2011-07-06 12:00:01,0.576957406548,0.0,0
2011-07-06 13:00:01,0.515025329115,0.0,0
2011-07-06 14:00:01,0.406212215185,0.0,0
2011-07-06 15:00:01,0.446764580432,0.0,0
2011-07-06 16:00:01,0.360918143496,0.0,0
2011-07-06 17:00:01,0.354822719712,0.0,0
2011-07-06 18:00:01,0.28959628398,0.0,0
2011-07-06 19:00:01,0.243605335426,0.0,0
2011-07-06 20:00:01,0.207677612716,0.0,0
2011-07-06 21:00:01,0.295679762953,0.0,0
2011-07-06 22:00:01,0.215115083297,0.0,0
2011-07-06 23:00:01,0.225798427437,0.0,0
2011-07-07 00:00:01,0.211171317162,0.0,0
2011-07-07 01:00:01,0.163630094284,0.0,0
2011-07-07 02:00:01,0.123460876016,0.0,0
2011-07-07 03:00:01,0.112138881944,0.0,0
2011-07-07 04:00:01,0.123695651232,0.0,0
2011-07-07 05:00:01,0.174191714264,0.0,0
2011-07-07 06:00:01,0.194801123896,0.0,0
2011-07-07 07:00:01,0.248622655329,0.0,0
2011-07-07 08:00:01,0.408404765219,0.0,0
2011-07-07 09:00:01,0.533661344524,0.0,0
2011-07-07 10:00:01,0.541734270777,0.0,0
2011-07-07 11:00:01,0.440232756428,0.0,0
2011-07-07 12:00:01,0.465434553749,0.0,0
2011-07-07 13:00:01,0.434325310895,0.0,0
2011-07-07 14:00:01,0.350176907623,0.0,0
2011-07-07 15:00:01,0.381217461856,0.0,0
2011-07-07 16:00:01,0.322961923523,0.0,0
2011-07-07 17:00:01,0.250851707414,0.0,0
2011-07-07 18:00:01,0.228276143974,0.0,0
2011-07-07 19:00:01,0.151708247831,0.0,0
2011-07-07 20:00:01,0.180537641872,0.0,0
2011-07-07 21:00:01,0.172451902159,0.0,0
2011-07-07 22:00:01,0.170809031956,0.0,0
2011-07-07 23:00:01,0.15733239773,0.0,0
2011-07-08 00:00:01,0.160795812079,0.0,0
2011-07-08 01:00:01,0.146745639797,0.0,0
2011-07-08 02:00:01,0.140944765148,0.0,0
2011-07-08 03:00:01,0.102638951514,0.0,0
2011-07-08 04:00:01,0.11056241713,0.0,0
2011-07-08 05:00:01,0.144226388965,0.0,0
2011-07-08 06:00:01,0.158332277056,0.0,0
2011-07-08 07:00:01,0.312025914701,0.0,0
2011-07-08 08:00:01,0.527204950695,0.0,0
2011-07-08 09:00:01,0.434005616543,0.0,0
2011-07-08 10:00:01,0.494257013647,0.0,0
2011-07-08 11:00:01,0.456944556533,0.0,0
2011-07-08 12:00:01,0.444284861437,0.0,0
2011-07-08 13:00:01,0.361783886347,0.0,0
2011-07-08 14:00:01,0.309215412949,0.0,0
2011-07-08 15:00:01,0.323232323232,0.0,0
2011-07-08 16:00:01,0.228027186216,0.0,0
2011-07-08 17:00:01,0.248385861855,0.0,0
2011-07-08 18:00:01,0.230339962317,0.0,0
2011-07-08 19:00:01,0.199236511832,0.0,0
2011-07-08 20:00:01,0.182615991827,0.0,0
2011-07-08 21:00:01,0.201566213223,0.0,0
2011-07-08 22:00:01,0.197890930527,0.0,0
2011-07-08 23:00:01,0.180271292582,0.0,0
2011-07-09 00:00:01,0.192514343728,0.0,0
2011-07-09 01:00:01,0.15683009122,0.0,0
2011-07-09 02:00:01,0.129613425807,0.0,0
2011-07-09 03:00:01,0.110494486342,0.0,0
2011-07-09 04:00:01,0.170957809371,0.0,0
2011-07-09 05:00:01,0.237131289763,0.0,0
2011-07-09 06:00:01,0.229209149397,0.0,0
2011-07-09 07:00:01,0.298367102676,0.0,0
2011-07-09 08:00:01,0.499133363352,0.0,0
2011-07-09 09:00:01,0.464385632928,0.0,0
2011-07-09 10:00:01,0.472395538999,0.0,0
2011-07-09 11:00:01,0.544146269537,0.0,0
2011-07-09 12:00:01,0.577541441502,0.0,0
2011-07-09 13:00:01,0.515494108308,0.0,0
2011-07-09 14:00:01,0.407933425798,0.0,0
2011-07-09 15:00:01,0.399840114981,0.0,0
2011-07-09 16:00:01,0.353425088801,0.0,0
2011-07-09 17:00:01,0.288194806737,0.0,0
2011-07-09 18:00:01,0.215691621082,0.0,0
2011-07-09 19:00:01,0.235888689633,0.0,0
2011-07-09 20:00:01,0.191367325907,0.0,0
2011-07-09 21:00:01,0.188934143242,0.0,0
2011-07-09 22:00:01,0.201572828906,0.0,0
2011-07-09 23:00:01,0.22097753552,0.0,0
2011-07-10 00:00:01,0.20411036036,0.0,0
2011-07-10 01:00:01,0.162965130084,0.0,0
2011-07-10 02:00:01,0.119492242233,0.0,0
2011-07-10 03:00:01,0.11211438251,0.0,0
2011-07-10 04:00:01,0.132642082613,0.0,0
2011-07-10 05:00:01,0.222133726255,0.0,0
2011-07-10 06:00:01,0.191750214286,0.0,0
2011-07-10 07:00:01,0.260790149008,0.0,0
2011-07-10 08:00:01,0.471314096973,0.0,0
2011-07-10 09:00:01,0.477296463143,0.0,0
2011-07-10 10:00:01,0.446584938704,0.0,0
2011-07-10 11:00:01,0.496146481342,0.0,0
2011-07-10 12:00:01,0.495432405878,0.0,0
2011-07-10 13:00:01,0.429185534206,0.0,0
2011-07-10 14:00:01,0.416406816228,0.0,0
2011-07-10 15:00:01,0.376365524788,0.0,0
2011-07-10 16:00:01,0.346310385427,0.0,0
2011-07-10 17:00:01,0.324941180324,0.0,0
2011-07-10 18:00:01,0.224988446606,0.0,0
2011-07-10 19:00:01,0.193877335585,0.0,0
2011-07-10 20:00:01,0.195783481953,0.0,0
2011-07-10 21:00:01,0.179647327158,0.0,0
2011-07-10 22:00:01,0.179125049492,0.0,0
2011-07-10 23:00:01,0.15644170512,0.0,0
2011-07-11 00:00:01,0.139389470106,0.0,0
2011-07-11 01:00:01,0.140954515364,0.0,0
2011-07-11 02:00:01,0.0922539182816,0.24141343674,0
2011-07-11 03:00:01,0.082216125654,0.533749727951,0
2011-07-11 04:00:01,0.0908497986666,0.632093051407,0
2011-07-11 05:00:01,0.157180412254,0.582329908684,0
2011-07-11 06:00:01,0.1727280618,0.0,0
2011-07-11 07:00:01,0.256565982078,0.0,0
2011-07-11 08:00:01,0.428283732379,0.0,0
2011-07-11 09:00:01,0.444226956124,0.0,0
2011-07-11 10:00:01,0.483698194053,0.0682623765787,0
2011-07-11 11:00:01,0.458668492213,0.382049686708,0
2011-07-11 12:00:01,0.418402013567,0.0,0
2011-07-11 13:00:01,0.393451621757,0.0,0
2011-07-11 14:00:01,0.313871961208,0.0,0
2011-07-11 15:00:01,0.2891833066,0.0,0
2011-07-11 16:00:01,0.249155689411,0.0,0
2011-07-11 17:00:01,0.25617308183,0.0,0
2011-07-11 18:00:01,0.212968170705,0.0,0
2011-07-11 19:00:01,0.216770052025,0.0,0
2011-07-11 20:00:01,0.197776496284,0.0,0
2011-07-11 21:00:01,0.187934318994,0.0,0
2011-07-11 22:00:01,0.187420141712,0.0,0
2011-07-11 23:00:01,0.187506940589,0.0,0
2011-07-12 00:00:01,0.168980614452,0.0,0
2011-07-12 01:00:01,0.152074937809,0.0,0
2011-07-12 02:00:01,0.137461484942,0.0,0
2011-07-12 03:00:01,0.104112579122,0.0,0
2011-07-12 04:00:01,0.142918552002,0.0,0
2011-07-12 05:00:01,0.143275447091,0.0,0
2011-07-12 06:00:01,0.185618913885,0.0,0
2011-07-12 07:00:01,0.172907780556,0.190585247711,0
2011-07-12 08:00:01,0.489569415766,0.766727723959,0
2011-07-12 09:00:01,0.475371441118,0.754464948176,0
2011-07-12 10:00:01,0.510875190931,0.739593853661,0
2011-07-12 11:00:01,0.539295638516,0.723407913753,0
2011-07-12 12:00:01,0.562670369799,0.210738115286,0
2011-07-12 13:00:01,0.493639908065,0.352445754024,0
2011-07-12 14:00:01,0.375071761179,0.395383170937,0
2011-07-12 15:00:01,0.367231783852,0.0,0
2011-07-12 16:00:01,0.309527758348,0.0,0
2011-07-12 17:00:01,0.289907743167,0.0,0
2011-07-12 18:00:01,0.247273915988,0.0,0
2011-07-12 19:00:01,0.225066896458,0.0,0
2011-07-12 20:00:01,0.235480042627,0.0,0
2011-07-12 21:00:01,0.243742335442,0.0,0
2011-07-12 22:00:01,0.226198468573,0.0,0
2011-07-12 23:00:01,0.220480258123,0.0,0
2011-07-13 00:00:01,0.177474657233,0.0,0
2011-07-13 01:00:01,0.165109689891,0.0,0
2011-07-13 02:00:01,0.130659891709,0.0,0
2011-07-13 03:00:01,0.114740658034,0.0,0
2011-07-13 04:00:01,0.141167988992,0.0,0
2011-07-13 05:00:01,0.186317495352,0.0,0
2011-07-13 06:00:01,0.229541927497,0.0,0
2011-07-13 07:00:01,0.373358604369,0.0709364297828,0
2011-07-13 08:00:01,0.487958224908,0.132247972963,0
2011-07-13 09:00:01,0.539149888143,0.288024570093,0
2011-07-13 10:00:01,0.464484920282,0.683797533079,0
2011-07-13 11:00:01,0.622171145686,0.447422757517,0
2011-07-13 12:00:01,0.557672400502,0.642490629409,0
2011-07-13 13:00:01,0.454296051165,0.548518106354,0
2011-07-13 14:00:01,0.455315598903,0.470545750027,0
2011-07-13 15:00:01,0.40590212985,0.0,0
2011-07-13 16:00:01,0.412460472538,0.0440418027162,0
2011-07-13 17:00:01,0.321670941047,0.0,0
2011-07-13 18:00:01,0.313384053393,0.0,0
2011-07-13 19:00:01,0.261011165287,0.0,0
2011-07-13 20:00:01,0.267151307818,0.0,0
2011-07-13 21:00:01,0.202422469962,0.0,0
2011-07-13 22:00:01,0.250151828141,0.133711849703,0
2011-07-13 23:00:01,0.258616476517,0.0150914084489,0
2011-07-14 00:00:01,0.203289190586,0.195665701653,0
2011-07-14 01:00:01,0.167275100891,0.214423089778,0
2011-07-14 02:00:01,0.129840366979,0.0,0
2011-07-14 03:00:01,0.117719206301,0.0,0
2011-07-14 04:00:01,0.185196847018,0.0,0
2011-07-14 05:00:01,0.252898111735,0.0780026126619,0
2011-07-14 06:00:01,0.231405043299,0.325502817791,0
2011-07-14 07:00:01,0.368990180311,0.375686697891,0
2011-07-14 08:00:01,0.493794641216,0.458363615795,0
2011-07-14 09:00:01,0.495958899818,0.468577946475,0
2011-07-14 10:00:01,0.449545022409,0.566457994843,0
2011-07-14 11:00:01,0.418541266078,0.427612020085,0
2011-07-14 12:00:01,0.594471687259,0.620610298769,0
2011-07-14 13:00:01,0.660831736496,0.68207122254,0
2011-07-14 14:00:01,0.564546967788,0.58494348704,0
2011-07-14 15:00:01,0.426793043242,0.74727176758,0
2011-07-14 16:00:01,0.401047443943,0.473549139393,0
2011-07-14 17:00:01,0.249061577522,0.618717416929,0
2011-07-14 18:00:01,0.310849033716,0.721289111621,0
2011-07-14 19:00:01,0.233542090686,0.596382246215,0
2011-07-14 20:00:01,0.216787081441,0.517043114373,0
2011-07-14 21:00:01,0.234240406218,0.408373763618,0
2011-07-14 22:00:01,0.224834627552,0.0,0
2011-07-14 23:00:01,0.224770026795,0.0,0
2011-07-15 00:00:01,0.186996327941,0.0,0
2011-07-15 01:00:01,0.192104631629,0.0,0
2011-07-15 02:00:01,0.134936613375,0.0,0
2011-07-15 03:00:01,0.129935763999,0.0,0
2011-07-15 04:00:01,0.167604705679,0.0,0
2011-07-15 05:00:01,0.181410049787,0.0,0
2011-07-15 06:00:01,0.231296513212,0.0,0
2011-07-15 07:00:01,0.288950955201,0.283391906413,0
2011-07-15 08:00:01,0.459122644791,0.316617331679,0
2011-07-15 09:00:01,0.577886549723,0.382902766569,0
2011-07-15 10:00:01,0.459511477173,0.649905989717,0
2011-07-15 11:00:01,0.573333333333,0.737840216517,0
2011-07-15 12:00:01,0.735811618194,0.709996972888,0
2011-07-15 13:00:01,0.531054359278,0.787346559468,0
2011-07-15 14:00:01,0.481355974591,0.750665160494,0
2011-07-15 15:00:01,0.449878916513,0.799092495755,0
2011-07-15 16:00:01,0.420883789935,0.72391510939,0
2011-07-15 17:00:01,0.322864798895,0.242457568892,0
2011-07-15 18:00:01,0.143973206366,0.699647988385,0
2011-07-15 19:00:01,0.0449098864075,0.655805034144,0
2011-07-15 20:00:01,0.231909669663,0.87234456956,0
2011-07-15 21:00:01,0.307814215642,0.859393650659,0
2011-07-15 22:00:01,0.215337200416,0.655509096742,0
2011-07-15 23:00:01,0.200955847706,0.564525764618,0
2011-07-16 00:00:01,0.457925390707,0.731565297551,0
2011-07-16 01:00:01,0.207633787425,0.884819263188,0
2011-07-16 02:00:01,0.183786893926,0.889162063581,0
2011-07-16 03:00:01,0.166145206736,0.889776938036,0
2011-07-16 04:00:01,0.0546898928025,0.812891449438,0
2011-07-16 05:00:01,0.41349399435,0.859635255061,0
2011-07-16 06:00:01,0.21266565237,0.918660307305,0
2011-07-16 07:00:01,0.405484768787,0.899548617845,0
2011-07-16 08:00:01,0.393868203116,0.909249253622,0
2011-07-16 09:00:01,0.529876582362,0.846420340414,0
2011-07-16 10:00:01,0.474258533856,0.815248058623,0
2011-07-16 11:00:01,0.48150129635,0.656872026995,0
2011-07-16 12:00:01,0.714378546983,0.599761045932,0
2011-07-16 13:00:01,0.594970759306,0.614801476348,0
2011-07-16 14:00:01,0.497414475258,0.59505994685,0
2011-07-16 15:00:01,0.472394120161,0.680247414812,0
2011-07-16 16:00:01,0.391052321493,0.432752573356,0
2011-07-16 17:00:01,0.347261857056,0.233695557179,0
2011-07-16 18:00:01,0.295052657131,0.0,0
2011-07-16 19:00:01,0.279554883486,0.0,0
2011-07-16 20:00:01,0.247339868564,0.0,0
2011-07-16 21:00:01,0.234330907379,0.0,0
2011-07-16 22:00:01,0.244476551099,0.0,0
2011-07-16 23:00:01,0.260264476655,0.0,0
2011-07-17 00:00:01,0.19759374095,0.121231582932,0
2011-07-17 01:00:01,0.196832352893,0.0578582987302,0
2011-07-17 02:00:01,0.165662875197,0.0,0
2011-07-17 03:00:01,0.143359111767,0.0,0
2011-07-17 04:00:01,0.21387587975,0.178560051099,0
2011-07-17 05:00:01,0.217570859757,0.173600435272,0
2011-07-17 06:00:01,0.234414152551,0.369793403986,0
2011-07-17 07:00:01,0.346885066425,0.520072585144,0
2011-07-17 08:00:01,0.417195190785,0.313729343146,0
2011-07-17 09:00:01,0.42452044101,0.434042097968,0
2011-07-17 10:00:01,0.548663964034,0.5122342013,0
2011-07-17 11:00:01,0.584730174357,0.477143229372,0
2011-07-17 12:00:01,0.6129684815,0.471189336219,0
2011-07-17 13:00:01,0.570864765338,0.625335396551,0
2011-07-17 14:00:01,0.58035288204,0.625483660639,0
2011-07-17 15:00:01,0.525839273396,0.40099191483,0
2011-07-17 16:00:01,0.396771251233,0.456940971264,0
2011-07-17 17:00:01,0.346949542015,0.422591077683,0
2011-07-17 18:00:01,0.288522229931,0.420400033216,0
2011-07-17 19:00:01,0.256968065004,0.371745133511,0
2011-07-17 20:00:01,0.270501758648,0.0213868840611,0
2011-07-17 21:00:01,0.239742956006,0.0183356832351,0
2011-07-17 22:00:01,0.234361529517,0.0,0
2011-07-17 23:00:01,0.187886021629,0.0,0
2011-07-18 00:00:01,0.225183226125,0.0,0
2011-07-18 01:00:01,0.161582089438,0.240434674218,0
2011-07-18 02:00:01,0.150193152414,0.263975579556,0
2011-07-18 03:00:01,0.138530070901,0.136559679341,0
2011-07-18 04:00:01,0.139423483631,0.0,0
2011-07-18 05:00:01,0.145971095318,0.0,0
2011-07-18 06:00:01,0.186878853127,0.0,0
2011-07-18 07:00:01,0.319640385124,0.404952655398,0
2011-07-18 08:00:01,0.520614428117,0.631472610631,0
2011-07-18 09:00:01,0.453551781296,0.577067829265,0
2011-07-18 10:00:01,0.502821160261,0.606830516008,0
2011-07-18 11:00:01,0.59417456907,0.672975470159,0
2011-07-18 12:00:01,0.416779265447,0.734283604093,0
2011-07-18 13:00:01,0.457051579327,0.811251423436,0
2011-07-18 14:00:01,0.425053888784,0.803417564305,0
2011-07-18 15:00:01,0.391342369917,0.731917259098,0
2011-07-18 16:00:01,0.565611458262,0.689248705796,0
2011-07-18 17:00:01,0.321790125479,0.85876493445,0
2011-07-18 18:00:01,0.224332674191,0.862175129214,0
2011-07-18 19:00:01,0.246549051451,0.863533894062,0
2011-07-18 20:00:01,0.208119218911,0.844981792515,0
2011-07-18 21:00:01,0.228249765454,0.34432326008,0
2011-07-18 22:00:01,0.207939342422,0.0,0
2011-07-18 23:00:01,0.202166765437,0.0,0
2011-07-19 00:00:01,0.209550828532,0.0,0
2011-07-19 01:00:01,0.184091194376,0.0,0
2011-07-19 02:00:01,0.175728556885,0.0,0
2011-07-19 03:00:01,0.156583178334,0.0,0
2011-07-19 04:00:01,0.169780127627,0.0,0
2011-07-19 05:00:01,0.213679793221,0.0,0
2011-07-19 06:00:01,0.307929755045,0.396087627636,0
2011-07-19 07:00:01,0.206288191397,0.734670936274,0
2011-07-19 08:00:01,0.384913156022,0.763572262159,0
2011-07-19 09:00:01,0.485701650943,0.742276767079,0
2011-07-19 10:00:01,0.543841413616,0.735442586822,0
2011-07-19 11:00:01,0.512707996911,0.604077231112,0
2011-07-19 12:00:01,0.514567697661,0.712605990367,0
2011-07-19 13:00:01,0.387080490715,0.683467537403,0
2011-07-19 14:00:01,0.299222659994,0.552002979975,0
2011-07-19 15:00:01,0.467463346053,0.835843133231,0
2011-07-19 16:00:01,0.305939401882,0.825768734959,0
2011-07-19 17:00:01,0.266237288393,0.835802231177,0
2011-07-19 18:00:01,0.228824225875,0.805533671366,0
2011-07-19 19:00:01,0.377479839707,0.807909330388,0
2011-07-19 20:00:01,0.222640362231,0.797796938885,0
2011-07-19 21:00:01,0.239374301933,0.816668400771,0
2011-07-19 22:00:01,0.210807509061,0.786397117357,0
2011-07-19 23:00:01,0.20721999674,0.670026357694,0
2011-07-20 00:00:01,0.183171233672,0.0,0
2011-07-20 01:00:01,0.17535293411,0.0,0
2011-07-20 02:00:01,0.149082471767,0.0,0
2011-07-20 03:00:01,0.13322111022,0.0,0
2011-07-20 04:00:01,0.152328400635,0.0,0
2011-07-20 05:00:01,0.194135398375,0.0460337046579,0
2011-07-20 06:00:01,0.228316568609,0.256570244949,0
2011-07-20 07:00:01,0.317831969929,0.474766401826,0
2011-07-20 08:00:01,0.368739205527,0.408976801047,0
2011-07-20 09:00:01,0.506948990382,0.477882616377,0
2011-07-20 10:00:01,0.47500309751,0.595809827842,0
2011-07-20 11:00:01,0.493425888118,0.703555481532,0
2011-07-20 12:00:01,0.484030128533,0.722256783114,0
2011-07-20 13:00:01,0.525203484221,0.6417958505,0
2011-07-20 14:00:01,0.37446179272,0.738567588586,0
2011-07-20 15:00:01,0.298930848455,0.744462913144,0
2011-07-20 16:00:01,0.209247912154,0.706343387778,0
2011-07-20 17:00:01,0.395342238767,0.839430027297,0
2011-07-20 18:00:01,0.247451712976,0.810526056372,0
2011-07-20 19:00:01,0.201449246669,0.820250438447,0
2011-07-20 20:00:01,0.226587929504,0.816250762046,0
2011-07-20 21:00:01,0.216551601378,0.686108305029,0
2011-07-20 22:00:01,0.217818915146,0.139417771613,0
2011-07-20 23:00:01,0.279013742631,0.4081446303,0
2011-07-21 00:00:01,0.176800070317,0.697067745273,0
2011-07-21 01:00:01,0.155743881702,0.777618561824,0
2011-07-21 02:00:01,0.16790458896,0.760752693081,0
2011-07-21 03:00:01,0.145339317705,0.526786182089,0
2011-07-21 04:00:01,0.162310985782,0.0,0
2011-07-21 06:00:01,0.225127023514,0.303078037759,0
2011-07-21 07:00:01,0.305405131769,0.395763629666,0
2011-07-21 08:00:01,0.272592485817,0.689524714481,0
2011-07-21 09:00:01,0.333844887792,0.6852411194,0
2011-07-21 10:00:01,0.500682860209,0.328567196287,0
2011-07-21 11:00:01,0.394310306282,0.457718144413,0
2011-07-21 12:00:01,0.688708170058,0.731833164754,0
2011-07-21 13:00:01,0.546541474379,0.71052268084,0
2011-07-21 14:00:01,0.468349650727,0.675521204272,0
2011-07-21 15:00:01,0.438412517347,0.737131649069,0
2011-07-21 16:00:01,0.405492179511,0.557254608562,0
2011-07-21 17:00:01,0.34746436655,0.327764545387,0
2011-07-21 18:00:01,0.355934947384,0.403620583982,0
2011-07-21 19:00:01,0.321369405386,0.271822210316,0
2011-07-21 20:00:01,0.297296988465,0.140297665266,0
2011-07-21 21:00:01,0.310397325461,0.258211846109,0
2011-07-21 22:00:01,0.279340360019,0.106688021739,0
2011-07-21 23:00:01,0.273138547997,0.0,0
2011-07-22 00:00:01,0.216208416255,0.094697683491,0
2011-07-22 01:00:01,0.218956491608,0.0,0
2011-07-22 02:00:01,0.185362212692,0.0,0
2011-07-22 03:00:01,0.160410400635,0.0,0
2011-07-22 04:00:01,0.2296313499,0.376837054746,0
2011-07-22 05:00:01,0.211899236364,0.45701489817,0
2011-07-22 06:00:01,0.236990707817,0.545233154081,0
2011-07-22 07:00:01,0.285074808417,0.561499881436,0
2011-07-22 08:00:01,0.496803531495,0.617846385656,0
2011-07-22 09:00:01,0.414682750962,0.442049996593,0
2011-07-22 10:00:01,0.658459017973,0.675263923237,0
2011-07-22 11:00:01,0.477002967359,0.68698160421,0
2011-07-22 12:00:01,0.596746877025,0.679591607767,0
2011-07-22 13:00:01,0.512225170584,0.674520110523,0
2011-07-22 14:00:01,0.491375775283,0.778067167329,0
2011-07-22 15:00:01,0.376930826058,0.698034898388,0
2011-07-22 16:00:01,0.335408585677,0.552284129088,0
2011-07-22 17:00:01,0.331426247669,0.609376599822,0
2011-07-22 18:00:01,0.330962613101,0.371768937402,0
2011-07-22 19:00:01,0.165794585514,0.736154840162,0
2011-07-22 20:00:01,0.394205934513,0.75262184664,0
2011-07-22 21:00:01,0.285497024143,0.800652170933,0
2011-07-22 22:00:01,0.285426606134,0.716799510837,0
2011-07-22 23:00:01,0.28290912475,0.6865880978,0
2011-07-23 00:00:01,0.26473414201,0.318139083421,0
2011-07-23 01:00:01,0.294095349176,0.0199848160929,0
2011-07-23 02:00:01,0.214179244496,0.423595741474,0
2011-07-23 03:00:01,0.180678676961,0.556145303947,0
2011-07-23 04:00:01,0.270198998415,0.629880024462,0
2011-07-23 05:00:01,0.271868273594,0.645396781597,0
2011-07-23 06:00:01,0.224572434312,0.65803226505,0
2011-07-23 07:00:01,0.362203601746,0.589405474538,0
2011-07-23 08:00:01,0.493507761398,0.550558591984,0
2011-07-23 09:00:01,0.486753791412,0.516534814835,0
2011-07-23 10:00:01,0.509806435072,0.492946788325,0
2011-07-23 11:00:01,0.606573130886,0.541512744428,0
2011-07-23 12:00:01,0.620478347304,0.576380783065,0
2011-07-23 13:00:01,0.536817575544,0.552298163467,0
2011-07-23 14:00:01,0.588276778053,0.683641085849,0
2011-07-23 15:00:01,0.520050669728,0.672326314372,0
2011-07-23 16:00:01,0.407757000099,0.681653822903,0
2011-07-23 17:00:01,0.320313118552,0.643277257291,0
2011-07-23 18:00:01,0.30309578123,0.633026286879,0
2011-07-23 19:00:01,0.256693040856,0.416741328864,0
2011-07-23 20:00:01,0.229650861622,0.15236553637,0
2011-07-23 21:00:01,0.199366122475,0.0747408412786,0
2011-07-23 22:00:01,0.204156773323,0.0,0
2011-07-23 23:00:01,0.201065369338,0.0,0
2011-07-24 00:00:01,0.211396157209,0.0,0
2011-07-24 01:00:01,0.174167629608,0.17473606112,0
2011-07-24 02:00:01,0.128643599089,0.330319925677,0
2011-07-24 03:00:01,0.113269608672,0.321274203583,0
2011-07-24 04:00:01,0.193969379098,0.585503482197,0
2011-07-24 05:00:01,0.211982066182,0.560332528275,0
2011-07-24 06:00:01,0.182067187626,0.679527428381,0
2011-07-24 07:00:01,0.28538258695,0.561098911665,0
2011-07-24 08:00:01,0.289536124982,0.576580618387,0
2011-07-24 09:00:01,0.43311355076,0.596895620103,0
2011-07-24 10:00:01,0.434267710905,0.522047052022,0
2011-07-24 11:00:01,0.6073508454,0.489222233629,0
2011-07-24 12:00:01,0.551777941294,0.458999421256,0
2011-07-24 13:00:01,0.513737999711,0.645855828738,0
2011-07-24 14:00:01,0.575968342251,0.532856080389,1
2011-07-24 15:00:01,0.464939917259,0.638910787669,1
2011-07-24 16:00:01,0.363468714432,0.619362551004,1
2011-07-24 17:00:01,0.292985374913,0.66452938975,1
2011-07-24 18:00:01,0.274288096558,0.558062864936,1
2011-07-24 19:00:01,0.212545877133,0.325844415175,1
2011-07-24 20:00:01,0.213512020559,0.243553408588,1
2011-07-24 21:00:01,0.198521271775,0.113468890251,1
2011-07-24 22:00:01,0.191002754581,0.0,1
2011-07-24 23:00:01,0.176639853272,0.0,1
2011-07-25 00:00:01,0.17807286211,0.0,1
2011-07-25 01:00:01,0.135347010517,0.0251022918987,1
2011-07-25 02:00:01,0.114142604504,0.0483124862312,1
2011-07-25 03:00:01,0.104569738809,0.0507966065232,1
2011-07-25 04:00:01,0.144246911642,0.213904542215,1
2011-07-25 05:00:01,0.170474143934,0.258640241588,1
2011-07-25 06:00:01,0.153459241305,0.486047853138,1
2011-07-25 07:00:01,0.190020237895,0.522069552076,1
2011-07-25 08:00:01,0.375302939367,0.52931959975,1
2011-07-25 09:00:01,0.347942083762,0.490882706971,1
2011-07-25 10:00:01,0.390454308388,0.520245475285,1
2011-07-25 11:00:01,0.409452112087,0.509193472795,1
2011-07-25 12:00:01,0.430285297861,0.557921899861,1
2011-07-25 13:00:01,0.424308833446,0.604790872552,1
2011-07-25 14:00:01,0.452680324746,0.497383341997,1
2011-07-25 15:00:01,0.445520436247,0.521906171432,1
2011-07-25 16:00:01,0.157649955543,0.862688344478,1
2011-07-25 17:00:01,0.400905529913,0.869651446695,1
2011-07-25 18:00:01,0.24124369894,0.881317670419,1
2011-07-25 19:00:01,0.169687077264,0.847945590786,1
2011-07-25 20:00:01,0.235160002135,0.723612099933,1
2011-07-25 21:00:01,0.200913242009,0.687961619129,1
2011-07-25 22:00:01,0.203985491786,0.521147093859,1
2011-07-25 23:00:01,0.205137620179,0.496250810149,1
2011-07-26 00:00:01,0.142881356485,0.309819079135,1
2011-07-26 01:00:01,0.448868356238,0.669656824736,1
2011-07-26 02:00:01,0.139351944698,0.794342273683,1
2011-07-26 03:00:01,0.128736004655,0.834677152681,1
2011-07-26 04:00:01,0.128572624444,0.87422868134,1
2011-07-26 05:00:01,0.162722674678,0.869343708719,1
2011-07-26 06:00:01,0.000983971620187,0.787377364423,1
2011-07-26 07:00:01,0.242902773348,0.758602149848,1
2011-07-26 08:00:01,0.38248295024,0.861532741527,1
2011-07-26 09:00:01,0.329844801022,0.824020752212,1
2011-07-26 10:00:01,0.5233777315,0.686948359923,1
2011-07-26 11:00:01,0.458856512273,0.484367081785,1
2011-07-26 12:00:01,0.399162869787,0.589607849197,1
2011-07-26 13:00:01,0.379555694156,0.598248518531,1
2011-07-26 14:00:01,0.419891863465,0.530326393006,1
2011-07-26 15:00:01,0.300920186241,0.572220828051,1
2011-07-26 16:00:01,0.28030162283,0.615614842079,1
2011-07-26 17:00:01,0.253520184622,0.607241019222,1
2011-07-26 18:00:01,0.259408524489,0.326324162736,1
2011-07-26 19:00:01,0.193844435914,0.142237999665,1
2011-07-26 20:00:01,0.218603988717,0.226406071443,1
2011-07-26 21:00:01,0.195998000527,0.245481308386,1
2011-07-26 22:00:01,0.1877134733,0.0334505622795,1
2011-07-26 23:00:01,0.196431126834,0.0,1
2011-07-27 00:00:01,0.176174912325,0.0,1
2011-07-27 01:00:01,0.161064534026,0.0,1
2011-07-27 02:00:01,0.14548881067,0.0,1
2011-07-27 03:00:01,0.10755273831,0.0,1
2011-07-27 04:00:01,0.155952563936,0.246887947591,1
2011-07-27 05:00:01,0.209577337144,0.456264478573,1
2011-07-27 06:00:01,0.148669490265,0.644459240068,1
2011-07-27 07:00:01,0.209511837419,0.707593811791,1
2011-07-27 08:00:01,0.295059356682,0.573283200463,1
2011-07-27 09:00:01,0.361572165905,0.5410614106,1
2011-07-27 10:00:01,0.439566245328,0.386158815494,1
2011-07-27 11:00:01,0.491474788691,0.355415978415,1
2011-07-27 12:00:01,0.442614926619,0.332100465782,1
2011-07-27 13:00:01,0.448160352579,0.641929892281,1
2011-07-27 14:00:01,0.438678027369,0.555955242585,1
2011-07-27 15:00:01,0.37405645226,0.532771301969,1
2011-07-27 16:00:01,0.379522109676,0.557453530511,1
2011-07-27 17:00:01,0.321533673235,0.400533772025,1
2011-07-27 18:00:01,0.331314163382,0.310085177685,1
2011-07-27 19:00:01,0.259387243472,0.360585181605,1
2011-07-27 20:00:01,0.256637040872,0.298403026961,1
2011-07-27 21:00:01,0.225029690994,0.1501280236,1
2011-07-27 22:00:01,0.243701401417,0.139501955859,1
2011-07-27 23:00:01,0.213428038176,0.0,0
2011-07-28 00:00:01,0.147534516765,0.444966822167,0
2011-07-28 01:00:01,0.221122616563,0.604760740027,0
2011-07-28 02:00:01,0.157066545009,0.597451740589,0
2011-07-28 03:00:01,0.135839707145,0.59200920543,0
2011-07-28 04:00:01,0.142731993306,0.617903793789,0
2011-07-28 05:00:01,0.203193201254,0.419399112274,0
2011-07-28 06:00:01,0.162148007374,0.482520599565,0
2011-07-28 07:00:01,0.0356090305386,0.754024863621,0
2011-07-28 08:00:01,0.517897285146,0.893294239122,0
2011-07-28 09:00:01,0.370649235087,0.858215291613,0
2011-07-28 10:00:01,0.612499485928,0.862065724615,0
2011-07-28 11:00:01,0.478236502896,0.852232697749,0
2011-07-28 12:00:01,0.446529542833,0.716558873689,0
2011-07-28 13:00:01,0.419630308694,0.695200269066,0
2011-07-28 14:00:01,0.404135857732,0.494100492035,0
2011-07-28 15:00:01,0.378717263569,0.283352412707,0
2011-07-28 16:00:01,0.00326508400789,0.90927450335,0
2011-07-28 17:00:01,0.00307836835862,0.932002889565,0
2011-07-28 18:00:01,0.455160685778,0.956556200074,0
2011-07-28 19:00:01,0.297786274149,0.940104049907,0
2011-07-28 20:00:01,0.202158077792,0.854029696439,0
2011-07-28 21:00:01,0.241454196911,0.847705990419,0
2011-07-28 22:00:01,0.220964257391,0.705183402457,0
2011-07-28 23:00:01,0.225213493959,0.472031799341,0
2011-07-29 00:00:01,0.211517106446,0.254151253603,0
2011-07-29 01:00:01,0.196341739229,0.0,0
2011-07-29 02:00:01,0.147722062332,0.036931641795,0
2011-07-29 03:00:01,0.134019815857,0.0575174615621,0
2011-07-29 04:00:01,0.141013537197,0.174304402418,0
2011-07-29 05:00:01,0.168965441467,0.210552616458,0
2011-07-29 06:00:01,0.158813135032,0.275017069221,0
2011-07-29 07:00:01,0.223773542028,0.401997160828,0
2011-07-29 08:00:01,0.457448087743,0.731573021126,0
2011-07-29 09:00:01,0.497110585763,0.714656524306,0
2011-07-29 10:00:01,0.469454155973,0.700550688445,0
2011-07-29 11:00:01,0.495279695646,0.631580879301,0
2011-07-29 12:00:01,0.465535068068,0.550196480651,0
2011-07-29 13:00:01,0.531950947043,0.599016888204,0
2011-07-29 14:00:01,0.45310146576,0.601575093877,0
2011-07-29 15:00:01,0.427706184123,0.604245357863,0
2011-07-29 16:00:01,0.172425168071,0.851770174165,0
2011-07-29 17:00:01,0.423704927457,0.911405904226,0
2011-07-29 18:00:01,0.266947696995,0.898968028445,0
2011-07-29 19:00:01,0.260453726674,0.871515979401,0
2011-07-29 20:00:01,0.062668451477,0.822637524038,0
2011-07-29 21:00:01,0.335431661925,0.888033800856,0
2011-07-29 22:00:01,0.220403664009,0.816221503937,0
2011-07-29 23:00:01,0.273034152036,0.82752263684,0
2011-07-30 00:00:01,0.229069311321,0.724323233749,0
2011-07-30 01:00:01,0.209343911864,0.584523215814,0
2011-07-30 02:00:01,0.154835868682,0.532139764924,0
2011-07-30 03:00:01,0.171468364853,0.180759492149,0
2011-07-30 04:00:01,0.203818083967,0.36575395191,0
2011-07-30 05:00:01,0.298213445003,0.527593666583,0
2011-07-30 06:00:01,0.232935602737,0.572815873302,0
2011-07-30 07:00:01,0.271720206092,0.629913476268,0
2011-07-30 08:00:01,0.375881709479,0.609536405937,0
2011-07-30 09:00:01,0.377435538444,0.574516811511,0
2011-07-30 10:00:01,0.439536282858,0.445639708715,0
2011-07-30 11:00:01,0.577576802062,0.473759350454,0
2011-07-30 12:00:01,0.475051899481,0.537354605737,0
2011-07-30 13:00:01,0.561543737839,0.574082240408,0
2011-07-30 14:00:01,0.454925326176,0.767506188749,0
2011-07-30 15:00:01,0.41081754716,0.665026998567,0
2011-07-30 16:00:01,0.310035490495,0.75689554173,0
2011-07-30 17:00:01,0.318734610636,0.587241883382,0
2011-07-30 18:00:01,0.322629535726,0.504788100542,0
2011-07-30 19:00:01,0.263100107643,0.452984328736,0
2011-07-30 20:00:01,0.239908136512,0.32597781684,0
2011-07-30 21:00:01,0.24635895478,0.157895548373,0
2011-07-30 22:00:01,0.234870484843,0.104771908435,0
2011-07-30 23:00:01,0.235311703923,0.0,0
2011-07-31 00:00:01,0.25892067675,0.0558647509492,0
2011-07-31 01:00:01,0.215918456552,0.139185959403,0
2011-07-31 02:00:01,0.168897432416,0.393827471949,0
2011-07-31 03:00:01,0.13620050354,0.343214088798,0
2011-07-31 04:00:01,0.195074396444,0.391360838552,0
2011-07-31 05:00:01,0.257899682382,0.548939746387,0
2011-07-31 06:00:01,0.21212590836,0.605336890975,0
2011-07-31 07:00:01,0.253616780446,0.641169980163,0
2011-07-31 08:00:01,0.280396110798,0.491509286287,0
2011-07-31 09:00:01,0.335011022836,0.4846637141,0
2011-07-31 10:00:01,0.325472865004,0.419621948217,0
2011-07-31 11:00:01,0.478309878796,0.500645330602,0
2011-07-31 12:00:01,0.42241017221,0.552410214678,0
2011-07-31 13:00:01,0.428092396729,0.459548015253,0
2011-07-31 14:00:01,0.454567579407,0.4229595623,0
2011-07-31 15:00:01,0.434495021948,0.421242255813,0
2011-07-31 16:00:01,0.376663051281,0.385652059915,0
2011-07-31 17:00:01,0.276657889247,0.438007564705,0
2011-07-31 18:00:01,0.231251390096,0.498988608843,0
2011-07-31 19:00:01,0.230442483964,0.387049577569,0
2011-07-31 20:00:01,0.221718482353,0.162065603943,0
2011-07-31 21:00:01,0.147292482506,0.222048714109,0
2011-07-31 22:00:01,0.2719695304,0.585877207882,0
2011-07-31 23:00:01,0.18424957212,0.60836620917,0
2011-08-01 00:00:01,0.183854930206,0.625940922014,0
2011-08-01 01:00:01,0.146498617435,0.658751706238,0
2011-08-01 02:00:01,0.136459424487,0.170536606513,0
2011-08-01 03:00:01,0.087785768676,0.0,0
2011-08-01 04:00:01,0.113553461349,0.120095691563,0
2011-08-01 05:00:01,0.123708237311,0.207279935566,0
2011-08-01 06:00:01,0.149411987548,0.230283599312,0
2011-08-01 07:00:01,0.218854736601,0.365312811194,0
2011-08-01 08:00:01,0.361513984073,0.333290688537,0
2011-08-01 09:00:01,0.20819818985,0.665759390124,0
2011-08-01 10:00:01,0.488597227448,0.67105178453,0
2011-08-01 11:00:01,0.508212583188,0.691590270455,0
2011-08-01 12:00:01,0.41313021761,0.714313116869,0
2011-08-01 13:00:01,0.448025379708,0.701536706036,0
2011-08-01 14:00:01,0.359762170646,0.474022128152,0
2011-08-01 15:00:01,0.376602931511,0.359159794519,0
2011-08-01 16:00:01,0.289073768803,0.478199929523,0
2011-08-01 17:00:01,0.316292739115,0.354928995783,0
2011-08-01 18:00:01,0.323627807345,0.419318058921,0
2011-08-01 19:00:01,0.25922530369,0.375801716238,0
2011-08-01 20:00:01,0.229332661947,0.340972686987,0
2011-08-01 21:00:01,0.217184733646,0.10652087198,0
2011-08-01 22:00:01,0.202887167798,0.0,0
2011-08-01 23:00:01,0.192562989504,0.0,0
2011-08-02 00:00:01,0.175209644865,0.0,0
2011-08-02 01:00:01,0.130037217212,0.0,0
2011-08-02 02:00:01,0.172503691226,0.0926754981774,0
2011-08-02 03:00:01,0.102679648204,0.351340832579,0
2011-08-02 04:00:01,0.122842945119,0.396672867684,0
2011-08-02 05:00:01,0.162794978716,0.415627467257,0
2011-08-02 06:00:01,0.171762466504,0.305727747313,0
2011-08-02 07:00:01,0.291704229404,0.205331103867,0
2011-08-02 08:00:01,0.401144203264,0.25806426472,0
2011-08-02 09:00:01,0.471953153836,0.401789226082,0
2011-08-02 10:00:01,0.447094298246,0.422603364118,0
2011-08-02 11:00:01,0.581099131105,0.316738385232,0
2011-08-02 12:00:01,0.464249548487,0.558731619791,0
2011-08-02 13:00:01,0.496229838855,0.495254856209,0
2011-08-02 14:00:01,0.452098154126,0.593322610822,0
2011-08-02 15:00:01,0.433815975945,0.439967729282,0
2011-08-02 16:00:01,0.387994271038,0.308395925094,0
2011-08-02 17:00:01,0.338336251156,0.2960827264,0
2011-08-02 18:00:01,0.309087077998,0.216630507306,0
2011-08-02 19:00:01,0.290744323188,0.0448785990015,0
2011-08-02 20:00:01,0.305809320552,0.00622752121678,0
2011-08-02 21:00:01,0.317276030146,0.118568743328,0
2011-08-02 22:00:01,0.29720504068,0.121284978826,0
2011-08-02 23:00:01,0.235773190287,0.240558657355,0
2011-08-03 00:00:01,0.188286974461,0.187564038938,0
2011-08-03 01:00:01,0.171487446869,0.194519605867,0
2011-08-03 02:00:01,0.133994781432,0.202868506636,0
2011-08-03 03:00:01,0.10274998997,0.0321076308674,0
2011-08-03 04:00:01,0.128252606457,0.0,0
2011-08-03 05:00:01,0.174345589129,0.209199268724,0
2011-08-03 06:00:01,0.153733810649,0.343537755078,0
2011-08-03 07:00:01,0.224686610782,0.41646071676,0
2011-08-03 08:00:01,0.362468087548,0.426056426146,0
2011-08-03 09:00:01,0.1944754871,0.734945380585,0
2011-08-03 10:00:01,0.691956124314,0.876157851162,0
2011-08-03 11:00:01,0.468199125652,0.865710260766,0
2011-08-03 12:00:01,0.444023939447,0.880165188363,0
2011-08-03 13:00:01,0.488482128973,0.891969616584,0
2011-08-03 14:00:01,0.453174792496,0.80166466705,0
2011-08-03 15:00:01,0.413451733329,0.327226802011,0
2011-08-03 16:00:01,0.378406614728,0.260070284522,0
2011-08-03 17:00:01,0.290162457252,0.367069875124,0
2011-08-03 18:00:01,0.267312071302,0.278299142611,0
2011-08-03 19:00:01,0.316459501711,0.433188807983,0
2011-08-03 20:00:01,0.260711886419,0.419147871371,0
2011-08-03 21:00:01,0.236257686646,0.244487092561,0
2011-08-03 22:00:01,0.233285806598,0.157831572101,0
2011-08-03 23:00:01,0.197457031016,0.0,0
2011-08-04 00:00:01,0.158111370303,0.0,0
2011-08-04 01:00:01,0.154896261014,0.0,0
2011-08-04 02:00:01,0.128176016257,0.0,0
2011-08-04 03:00:01,0.0970092266232,0.0,0
2011-08-04 04:00:01,0.124495046127,0.0390438429598,0
2011-08-04 05:00:01,0.134242511807,0.10679571707,0
2011-08-04 06:00:01,0.125320507716,0.197924506571,0
2011-08-04 07:00:01,0.229197163666,0.284294557175,0
2011-08-04 08:00:01,0.505902851026,0.757297278503,0
2011-08-04 09:00:01,0.4434204395,0.737784896522,0
2011-08-04 10:00:01,0.417950592782,0.732021700381,0
2011-08-04 11:00:01,0.534482758621,0.707631862211,0
2011-08-04 12:00:01,0.549754911728,0.694742960023,0
2011-08-04 13:00:01,0.47062494681,0.568442067821,0
2011-08-04 14:00:01,0.442797415431,0.600828518823,0
2011-08-04 15:00:01,0.412228226625,0.196880618667,0
2011-08-04 16:00:01,0.377236338633,0.0458472186322,0
2011-08-04 17:00:01,0.277504550528,0.29930505109,0
2011-08-04 18:00:01,0.307153691718,0.313103831723,0
2011-08-04 19:00:01,0.251961989181,0.296304878808,0
2011-08-04 20:00:01,0.257590838762,0.174914138171,0
2011-08-04 21:00:01,0.248772705904,0.0739567128183,0
2011-08-04 22:00:01,0.239097911372,0.0,0
2011-08-04 23:00:01,0.221741388264,0.0,0
2011-08-05 00:00:01,0.171688928697,0.0,0
2011-08-05 01:00:01,0.157732699811,0.0,0
2011-08-05 02:00:01,0.126886132106,0.0,0
2011-08-05 03:00:01,0.100102337993,0.0,0
2011-08-05 04:00:01,0.12949774781,0.0,0
2011-08-05 05:00:01,0.190892065494,0.225795336965,0
2011-08-05 06:00:01,0.184490653727,0.426454357383,0
2011-08-05 07:00:01,0.337005713444,0.298105282948,0
2011-08-05 08:00:01,0.50548598641,0.600229002928,0
2011-08-05 09:00:01,0.556096708127,0.647789771491,0
2011-08-05 10:00:01,0.467201510146,0.701554749695,0
2011-08-05 11:00:01,0.567045802305,0.578711238987,0
2011-08-05 12:00:01,0.452915473859,0.608617256188,0
2011-08-05 13:00:01,0.496396431493,0.603955124486,0
2011-08-05 14:00:01,0.470616936536,0.547989068583,0
2011-08-05 15:00:01,0.427549619485,0.410900744977,0
2011-08-05 16:00:01,0.378977633828,0.273887160182,0
2011-08-05 17:00:01,0.332794411519,0.0884117056572,0
2011-08-05 18:00:01,0.268990764623,0.230527895052,0
2011-08-05 19:00:01,0.274022173834,0.0753789836348,0
2011-08-05 20:00:01,0.251701544928,0.053501037666,0
2011-08-05 21:00:01,0.241048360814,0.0,0
2011-08-05 22:00:01,0.246216858429,0.0,0
2011-08-05 23:00:01,0.215926329509,0.0,0
2011-08-06 00:00:01,0.249949816738,0.12975561991,0
2011-08-06 01:00:01,0.158907963264,0.456992517594,0
2011-08-06 02:00:01,0.137552866091,0.460666957852,0
2011-08-06 03:00:01,0.197561654283,0.512887834523,0
2011-08-06 04:00:01,0.288752499144,0.636031740329,0
2011-08-06 05:00:01,0.381611047047,0.30449302885,0
2011-08-06 06:00:01,0.273987644537,0.653916231481,0
2011-08-06 07:00:01,0.500351036795,0.69365113649,0
2011-08-06 08:00:01,0.580597323769,0.726398793361,0
2011-08-06 09:00:01,0.430048801113,0.781329876769,0
2011-08-06 10:00:01,0.420263604131,0.81003015887,0
2011-08-06 11:00:01,0.534715574142,0.823767379661,0
2011-08-06 12:00:01,0.751038636193,0.860047220836,0
2011-08-06 13:00:01,0.526120396749,0.827374476337,0
2011-08-06 14:00:01,0.560445151722,0.834831678933,0
2011-08-06 15:00:01,0.405883598938,0.859370466149,0
2011-08-06 16:00:01,0.447607191665,0.85197381276,0
2011-08-06 17:00:01,0.369951829013,0.642005912043,0
2011-08-06 18:00:01,0.349190198989,0.566959316768,0
2011-08-06 19:00:01,0.300690835019,0.242400788476,0
2011-08-06 20:00:01,0.34599954003,0.304652118143,0
2011-08-06 21:00:01,0.310183250683,0.351846105966,0
2011-08-06 22:00:01,0.394767069663,0.493426834959,0
2011-08-06 23:00:01,0.308900212146,0.514428787863,0
2011-08-07 00:00:01,0.30013037612,0.509382768145,0
2011-08-07 01:00:01,0.257981928706,0.419456795045,0
2011-08-07 02:00:01,0.220632140194,0.0875450880231,0
2011-08-07 03:00:01,0.213772281907,0.0,0
2011-08-07 04:00:01,0.255685414881,0.112304076189,0
2011-08-07 05:00:01,0.329683456102,0.307250600287,0
2011-08-07 06:00:01,0.265684254769,0.481157037408,0
2011-08-07 07:00:01,0.442110689396,0.505352190286,0
2011-08-07 08:00:01,0.705293375736,0.768677965862,0
2011-08-07 09:00:01,0.48961762587,0.841629212326,0
2011-08-07 10:00:01,0.570971602411,0.821691483604,0
2011-08-07 11:00:01,0.22696418004,0.920771102869,0
2011-08-07 12:00:01,0.625506089104,0.948849140994,0
2011-08-07 13:00:01,0.58756714546,0.896795014249,0
2011-08-07 14:00:01,0.494468355527,0.907007683634,0
2011-08-07 15:00:01,0.485719475295,0.848399659443,0
2011-08-07 16:00:01,0.343257645616,0.660014756059,0
2011-08-07 17:00:01,0.326607707109,0.610494203708,0
2011-08-07 18:00:01,0.295759445392,0.559487527618,0
2011-08-07 19:00:01,0.255623742077,0.45750855682,0
2011-08-07 20:00:01,0.2688082445,0.0,0
2011-08-07 21:00:01,0.1781069836,0.353298893486,0
2011-08-07 22:00:01,0.203492220123,0.352067525441,0
2011-08-07 23:00:01,0.181770487756,0.380087666116,0
2011-08-08 00:00:01,0.158421474179,0.287777930893,0
2011-08-08 01:00:01,0.147071211249,0.11730114522,0
2011-08-08 02:00:01,0.121540243196,0.0,0
2011-08-08 03:00:01,0.0939121008678,0.0,0
2011-08-08 04:00:01,0.125770320237,0.0800369587958,0
2011-08-08 05:00:01,0.173913163759,0.248398529764,0
2011-08-08 06:00:01,0.164388738427,0.464874774136,0
2011-08-08 07:00:01,0.311083305709,0.344186126844,0
2011-08-08 08:00:01,0.538720538721,0.677352217781,0
2011-08-08 09:00:01,0.427245038836,0.698311681371,0
2011-08-08 10:00:01,0.504777937317,0.67334480052,0
2011-08-08 11:00:01,0.642475589125,0.686909810756,0
2011-08-08 12:00:01,0.552252988884,0.741426953692,0
2011-08-08 13:00:01,0.475174437756,0.717376447512,0
2011-08-08 14:00:01,0.488050599086,0.738355433333,0
2011-08-08 15:00:01,0.437199279633,0.495927278421,0
2011-08-08 16:00:01,0.371820079252,0.290102161375,0
2011-08-08 17:00:01,0.310788044919,0.21224514344,0
2011-08-08 19:00:01,0.303475913506,0.0761345680233,0
2011-08-08 20:00:01,0.1854877826,0.510822788011,0
2011-08-08 21:00:01,0.228444369989,0.4746222183,0
2011-08-08 22:00:01,0.228988961458,0.480212712388,0
2011-08-08 23:00:01,0.224449362654,0.486923252247,0
2011-08-09 00:00:01,0.166602366156,0.489131181472,1
2011-08-09 01:00:01,0.136542467022,0.107222684121,1
2011-08-09 02:00:01,0.131424755232,0.0,1
2011-08-09 03:00:01,0.120690831531,0.00788405070724,1
2011-08-09 04:00:01,0.118270279458,0.0,1
2011-08-09 05:00:01,0.162574348651,0.14116696904,1
2011-08-09 06:00:01,0.178186039626,0.238043606405,1
2011-08-09 07:00:01,0.303853030489,0.280340137874,1
2011-08-09 08:00:01,0.550789527651,0.664522574378,1
2011-08-09 09:00:01,0.441010177158,0.748052703565,1
2011-08-09 10:00:01,0.530068153571,0.703423008041,1
2011-08-09 11:00:01,0.464782413638,0.762700606522,1
2011-08-09 12:00:01,0.480716903095,0.530155713279,1
2011-08-09 13:00:01,0.438503988458,0.41397202346,1
2011-08-09 14:00:01,0.344222628775,0.458473052121,1
2011-08-09 15:00:01,0.164215514352,0.810852154989,1
2011-08-09 16:00:01,0.451334552102,0.930591288859,1
2011-08-09 17:00:01,0.488523409429,0.883916640079,1
2011-08-09 18:00:01,0.301641007852,0.85789255762,1
2011-08-09 19:00:01,0.262345464648,0.860909549678,1
2011-08-09 20:00:01,0.271071656625,0.728695647597,1
2011-08-09 21:00:01,0.257790414093,0.73595877056,1
2011-08-09 22:00:01,0.293765610568,0.194461660614,1
2011-08-09 23:00:01,0.20190184698,0.517347165385,1
2011-08-10 00:00:01,0.180893592905,0.505335033205,1
2011-08-10 01:00:01,0.183241464642,0.392734714413,1
2011-08-10 02:00:01,0.152546971805,0.279552990903,1
2011-08-10 03:00:01,0.121649223991,0.0,1
2011-08-10 04:00:01,0.132782550453,0.0,1
2011-08-10 05:00:01,0.191172813493,0.299553335276,1
2011-08-10 06:00:01,0.247488073346,0.223867433473,1
2011-08-10 07:00:01,0.307326101538,0.34632069255,1
2011-08-10 08:00:01,0.354036794891,0.490197783749,1
2011-08-10 09:00:01,0.517268550509,0.473184086311,1
2011-08-10 10:00:01,0.457137065099,0.588800260817,1
2011-08-10 11:00:01,0.546461283701,0.595644998789,1
2011-08-10 12:00:01,0.450287840718,0.713291018498,1
2011-08-10 13:00:01,0.482360222818,0.547823501112,1
2011-08-10 14:00:01,0.485721764645,0.557329671124,1
2011-08-10 15:00:01,0.587476998888,0.707970421437,1
2011-08-10 17:00:01,0.948150721473,0.793432957089,1
2011-08-10 18:00:01,0.65729071692,0.85400139474,1
2011-08-10 19:00:01,0.182410748433,0.963162347906,1
2011-08-10 20:00:01,0.210126419891,0.969522469016,1
2011-08-10 21:00:01,0.335356850457,0.977123076469,1
2011-08-10 22:00:01,0.298046930123,0.96156314052,1
2011-08-10 23:00:01,0.238643552035,0.754881067441,1
2011-08-11 00:00:01,0.212103377903,0.707475946394,1
2011-08-11 01:00:01,0.185923903004,0.0,1
2011-08-11 02:00:01,0.154776075863,0.0,1
2011-08-11 03:00:01,0.13665744862,0.0,1
2011-08-11 04:00:01,0.160230773158,0.0,1
2011-08-11 05:00:01,0.210830475115,0.153494151247,1
2011-08-11 06:00:01,0.286224224343,0.0401216903663,1
2011-08-11 07:00:01,0.436791095675,0.395894643555,1
2011-08-11 08:00:01,0.461444787544,0.48963194255,1
2011-08-11 09:00:01,0.576718213058,0.486451223958,1
2011-08-11 10:00:01,0.678798876943,0.468737109245,1
2011-08-11 11:00:01,0.543104312101,0.632354179501,1
2011-08-11 12:00:01,0.651850316551,0.657998403636,1
2011-08-11 13:00:01,0.515319777893,0.696099242482,1
2011-08-11 14:00:01,0.567822431348,0.688903052974,1
2011-08-11 15:00:01,0.476313569699,0.545386609071,1
2011-08-11 16:00:01,0.410222140289,0.583644172599,1
2011-08-11 17:00:01,0.37021457723,0.49984795621,1
2011-08-11 18:00:01,0.0360733895514,0.929271638423,1
2011-08-11 19:00:01,0.323799955347,0.95017042562,1
2011-08-11 20:00:01,0.343160724482,0.931861934924,1
2011-08-11 21:00:01,0.397203435066,0.897172513226,1
2011-08-11 22:00:01,0.315529764651,0.716025778712,1
2011-08-11 23:00:01,0.30144478392,0.594870328377,1
2011-08-12 00:00:01,0.26762085518,0.3498752499,1
2011-08-12 01:00:01,0.233376729833,0.0663382331597,1
2011-08-12 02:00:01,0.194452765968,0.0,1
2011-08-12 03:00:01,0.138647787561,0.0,1
2011-08-12 04:00:01,0.213030424064,0.457010112089,1
2011-08-12 05:00:01,0.258790799987,0.530475076882,1
2011-08-12 06:00:01,0.24952092977,0.601400502459,1
2011-08-12 07:00:01,0.276817816874,0.707318987044,1
2011-08-12 08:00:01,1.0514424748,0.942961340646,1
2011-08-12 09:00:01,0.550761758252,0.956606638478,1
2011-08-12 10:00:01,0.555629306912,0.958891256755,0
2011-08-12 11:00:01,0.609984557353,0.966956792798,0
2011-08-12 12:00:01,0.577830188679,0.951012433082,0
2011-08-12 13:00:01,0.590268886044,0.673383102478,0
2011-08-12 14:00:01,0.552825126341,0.521351662974,0
2011-08-12 15:00:01,0.491198332529,0.451699976441,0
2011-08-12 16:00:01,0.410258361313,0.43061732849,0
2011-08-12 17:00:01,0.33909556486,0.366598383966,0
2011-08-12 18:00:01,0.286050702466,0.384930685234,0
2011-08-12 19:00:01,0.323586496548,0.562048187484,0
2011-08-12 20:00:01,0.304786649345,0.457672769732,0
2011-08-12 21:00:01,0.255882392047,0.385833542381,0
2011-08-12 22:00:01,0.247207914596,0.277390288142,0
2011-08-12 23:00:01,0.250140836151,0.0,0
2011-08-13 00:00:01,0.25194385834,0.0673536311084,0
2011-08-13 01:00:01,0.258218632693,0.169852707459,0
2011-08-13 02:00:01,0.226015539942,0.233234693563,0
2011-08-13 03:00:01,0.159070977107,0.316898300373,0
2011-08-13 04:00:01,0.211005513585,0.403021658475,0
2011-08-13 05:00:01,0.247687565773,0.430864790499,0
2011-08-13 06:00:01,0.282709693961,0.411811050704,0
2011-08-13 07:00:01,0.424723840371,0.453986355771,0
2011-08-13 08:00:01,0.543314721321,0.466514648303,0
2011-08-13 09:00:01,0.61625,0.548077230538,0
2011-08-13 10:00:01,0.654440319992,0.382115169619,0
2011-08-13 11:00:01,0.635822510823,0.602427045583,0
2011-08-13 12:00:01,0.821226108237,0.6220781873,0
2011-08-13 13:00:01,0.842164545573,0.673854432144,0
2011-08-13 14:00:01,0.731631892872,0.692989454301,0
2011-08-13 15:00:01,0.540964671767,0.827304534983,0
2011-08-13 16:00:01,0.455897653464,0.849445099819,0
2011-08-13 17:00:01,0.374288563715,0.849938195631,0
2011-08-13 18:00:01,0.319265175906,0.77816348451,0
2011-08-13 19:00:01,0.307065473481,0.508073876406,0
2011-08-13 20:00:01,0.273386162835,0.249006898506,0
2011-08-13 21:00:01,0.260776318994,0.0,0
2011-08-13 22:00:01,0.286839076795,0.0461029994727,0
2011-08-13 23:00:01,0.278639375568,0.163767205633,0
2011-08-14 00:00:01,0.305872772168,0.3221475708,0
2011-08-14 01:00:01,0.287767656453,0.367552994868,0
2011-08-14 02:00:01,0.266756655086,0.235398320594,0
2011-08-14 03:00:01,0.261519269562,0.143486277219,0
2011-08-14 04:00:01,0.279994138609,0.0,0
2011-08-14 05:00:01,0.357949130112,0.288345855631,0
2011-08-14 06:00:01,0.395057867769,0.33450032041,0
2011-08-14 07:00:01,0.514521207708,0.264228476677,0
2011-08-14 08:00:01,0.532560172426,0.41138866866,0
2011-08-14 09:00:01,0.476172430128,0.540128286386,0
2011-08-14 10:00:01,0.60236216865,0.596130822415,0
2011-08-14 11:00:01,0.644956314535,0.660759539766,0
2011-08-14 12:00:01,0.697846165352,0.54769133291,0
2011-08-14 13:00:01,0.698616430321,0.543136158991,0
2011-08-14 14:00:01,0.705035886297,0.674579409998,0
2011-08-14 15:00:01,0.617404347988,0.598803683354,0
2011-08-14 16:00:01,0.51239017303,0.653577457377,0
2011-08-14 17:00:01,0.403875086121,0.703750384446,0
2011-08-14 18:00:01,0.374578723674,0.671227552984,0
2011-08-14 19:00:01,0.285211260801,0.587434236315,0
2011-08-14 20:00:01,0.258318839399,0.406650249483,0
2011-08-14 21:00:01,0.247235485434,0.359984885802,0
2011-08-14 22:00:01,0.252419295524,0.30942675869,0
2011-08-14 23:00:01,0.215061345367,0.0,0
2011-08-15 00:00:01,0.219272374672,0.0,0
2011-08-15 01:00:01,0.259993491349,0.0248217664704,0
2011-08-15 02:00:01,0.112465680559,0.755239471862,0
2011-08-15 03:00:01,0.129889907492,0.777624757029,0
2011-08-15 04:00:01,0.184368853672,0.719080910367,0
2011-08-15 05:00:01,0.291590392801,0.741520535106,0
2011-08-15 06:00:01,0.354687066255,0.197507724555,0
2011-08-15 07:00:01,0.369693934663,0.222671893283,0
2011-08-15 08:00:01,0.616148756951,0.509184020158,0
2011-08-15 09:00:01,0.571445358402,0.544407031519,0
2011-08-15 10:00:01,0.571309896915,0.573634200747,0
2011-08-15 11:00:01,0.763170368917,0.659517928184,0
2011-08-15 12:00:01,0.542183415828,0.775280024756,0
2011-08-15 13:00:01,0.624161269619,0.757293212443,0
2011-08-15 14:00:01,0.577879875789,0.777956207538,0
2011-08-15 15:00:01,0.674388083594,0.840202913586,0
2011-08-15 16:00:01,0.465648351938,0.734439787257,0
2011-08-15 17:00:01,0.379129244052,0.78565246829,0
2011-08-15 18:00:01,0.377605768531,0.757978810088,0
2011-08-15 19:00:01,0.295029612795,0.63800211578,0
2011-08-15 20:00:01,0.294380946024,0.0601892119316,0
2011-08-15 21:00:01,0.286841907435,0.0,0
2011-08-16 00:00:01,0.643067449002,0.699581966059,0
2011-08-16 01:00:01,0.111433485031,0.854808320438,0
2011-08-16 02:00:01,0.167272282104,0.889737281394,0
2011-08-16 03:00:01,0.136371705472,0.91014438794,0
2011-08-16 04:00:01,0.178216551315,0.90249604599,0
2011-08-16 05:00:01,0.213757839048,0.263079808073,0
2011-08-16 06:00:01,0.24371422548,0.0,0
2011-08-16 07:00:01,0.397670672215,0.056184241919,0
2011-08-16 08:00:01,0.569862575619,0.140106921764,0
2011-08-16 09:00:01,0.615672379046,0.247933883918,0
2011-08-16 10:00:01,0.565135026756,0.0880108185558,0
2011-08-16 11:00:01,0.649623908579,0.072192016748,0
2011-08-16 12:00:01,0.684601825906,0.52882288056,0
2011-08-16 13:00:01,0.649529655839,0.442214088187,0
2011-08-16 14:00:01,0.761553756413,0.132136225652,0
2011-08-16 15:00:01,0.547737809294,0.616981376933,0
2011-08-16 16:00:01,0.414905863704,0.69598594438,0
2011-08-16 17:00:01,0.345750477303,0.690790889241,0
2011-08-16 18:00:01,0.290037711535,0.706795394089,0
2011-08-16 19:00:01,0.291690037489,0.176678372937,0
2011-08-16 20:00:01,0.251921989966,0.0,0
2011-08-16 21:00:01,0.253541172643,0.0,0
2011-08-16 22:00:01,0.232801250976,0.0,0
2011-08-16 23:00:01,0.217425777744,0.0,0
2011-08-17 00:00:01,0.23586630843,0.0,0
2011-08-17 01:00:01,0.195312307046,0.0,0
2011-08-17 02:00:01,0.195701468993,0.0,0
2011-08-17 03:00:01,0.204026143655,0.0,0
2011-08-17 04:00:01,0.147768401599,0.0,0
2011-08-17 05:00:01,0.268017002427,0.484001023997,0
2011-08-17 06:00:01,0.265700570732,0.455554012251,0
2011-08-17 07:00:01,0.398809933274,0.276294636516,0
2011-08-17 08:00:01,0.457430227251,0.0,0
2011-08-17 09:00:01,0.652012359682,0.108821430445,0
2011-08-17 10:00:01,0.581056523374,0.168228908432,0
2011-08-17 11:00:01,0.484555758969,0.482331255781,0
2011-08-17 12:00:01,0.510756497832,0.605160553055,0
2011-08-17 13:00:01,0.552549276311,0.601450038007,0
2011-08-17 14:00:01,0.528956989498,0.505115988327,0
2011-08-17 15:00:01,0.49939939015,0.403226455165,0
2011-08-17 16:00:01,0.444223371391,0.300070315055,0
2011-08-17 17:00:01,0.345758932585,0.261977701966,0
2011-08-17 18:00:01,0.356207628528,0.275732745419,0
2011-08-17 19:00:01,0.365411529986,0.277599399637,0
2011-08-17 20:00:01,0.303964545498,0.21386379543,0
2011-08-17 21:00:01,0.312720759806,0.0653397812846,0
2011-08-17 22:00:01,0.265141882694,0.0232039093064,0
2011-08-17 23:00:01,0.203903533414,0.0575056322327,0
2011-08-18 00:00:01,0.201826116196,0.0257679201863,0
2011-08-18 01:00:01,0.176334283725,0.0,0
2011-08-18 02:00:01,0.168131389871,0.0,0
2011-08-18 03:00:01,0.126134290765,0.0,0
2011-08-18 04:00:01,0.148568237737,0.0,0
2011-08-18 05:00:01,0.185830771529,0.0,0
2011-08-18 06:00:01,0.191789020266,0.0,0
2011-08-18 07:00:01,0.357648865878,0.142775575836,0
2011-08-18 08:00:01,0.563748550423,0.253889404975,0
2011-08-18 09:00:01,0.621535383035,0.267872236291,0
2011-08-18 10:00:01,0.651507000683,0.184396333221,0
2011-08-18 11:00:01,0.552312904633,0.317410020261,0
2011-08-18 12:00:01,0.561417986445,0.399606201129,0
2011-08-18 13:00:01,0.472352077362,0.391718809729,0
2011-08-18 14:00:01,0.457558336152,0.32960017971,0
2011-08-18 15:00:01,0.514818687278,0.52889742651,0
2011-08-18 16:00:01,0.440904397665,0.534250944607,0
2011-08-18 17:00:01,0.438773033624,0.374868741908,0
2011-08-18 18:00:01,0.384591481943,0.261241528662,0
2011-08-18 19:00:01,0.3398700712,0.0542137225786,0
2011-08-18 20:00:01,0.278668738629,0.0804520967217,0
2011-08-18 21:00:01,0.288797207236,0.0377341591229,0
2011-08-18 22:00:01,0.267286115268,0.0,0
2011-08-18 23:00:01,0.223896266296,0.0,0
2011-08-19 00:00:01,0.203410801178,0.0,0
2011-08-19 01:00:01,0.175413151105,0.0,0
2011-08-19 02:00:01,0.166775150428,0.0,0
2011-08-19 03:00:01,0.12467887362,0.0,0
2011-08-19 04:00:01,0.193797788902,0.208163833586,0
2011-08-19 05:00:01,0.193257346049,0.199425879657,0
2011-08-19 06:00:01,0.241784594303,0.354127849761,0
2011-08-19 07:00:01,0.468629026368,0.220556040735,0
2011-08-19 08:00:01,0.578231585846,0.231910221702,0
2011-08-19 09:00:01,0.654648474223,0.124479454125,0
2011-08-19 10:00:01,0.59239963224,0.132002906841,0
2011-08-19 11:00:01,0.632796894433,0.259722423714,0
2011-08-19 12:00:01,0.654688066566,0.550604240287,0
2011-08-19 13:00:01,0.860451897115,0.423835977957,0
2011-08-19 14:00:01,0.568877159379,0.731367361848,0
2011-08-19 15:00:01,0.548794271092,0.773931451233,0
2011-08-19 16:00:01,0.43334728228,0.805700034563,0
2011-08-19 17:00:01,0.32739514291,0.839272328457,0
2011-08-19 18:00:01,0.287733789679,0.442320249161,0
2011-08-19 19:00:01,0.333736493864,0.523372123215,0
2011-08-19 20:00:01,0.267481161941,0.518920975603,0
2011-08-19 21:00:01,0.253034377498,0.174514614755,0
2011-08-19 22:00:01,0.279273210119,0.241841576831,0
2011-08-19 23:00:01,0.230464507263,0.000447078612026,0
2011-08-20 00:00:01,0.217553267932,0.0,0
2011-08-20 01:00:01,0.222056393582,0.0,0
2011-08-20 02:00:01,0.181206110186,0.0,0
2011-08-20 03:00:01,0.146636380481,0.0,0
2011-08-20 04:00:01,0.175709562939,0.0,0
2011-08-20 05:00:01,0.253476618725,0.209121951322,0
2011-08-20 06:00:01,0.221588241906,0.438148171909,0
2011-08-20 07:00:01,0.40262623301,0.252944604421,0
2011-08-20 08:00:01,0.538118423632,0.188788501162,0
2011-08-20 09:00:01,0.537468938811,0.259198980018,0
2011-08-20 10:00:01,0.556407936321,0.0,0
2011-08-20 11:00:01,0.56064608442,0.0810276009666,0
2011-08-20 12:00:01,0.73048260471,0.321940183574,0
2011-08-20 13:00:01,0.6854003862,0.297677093879,0
2011-08-20 14:00:01,0.637795142698,0.483767794283,0
2011-08-20 15:00:01,0.490752336998,0.6626232635,0
2011-08-20 16:00:01,0.449458814896,0.492035871673,0
2011-08-20 17:00:01,0.31548826994,0.613379267616,0
2011-08-20 18:00:01,0.27838088113,0.509948984325,0
2011-08-20 19:00:01,0.236309268997,0.38286851442,0
2011-08-20 20:00:01,0.235254469267,0.378149080257,0
2011-08-20 21:00:01,0.220512119377,0.0,0
2011-08-20 22:00:01,0.232456508137,0.0,0
2011-08-20 23:00:01,0.240371118336,0.0,0
2011-08-21 00:00:01,0.195062405022,0.116601124739,0
2011-08-21 01:00:01,0.219409444296,0.14506964214,0
2011-08-21 02:00:01,0.154082530934,0.384369391783,0
2011-08-21 03:00:01,0.124101873028,0.302508809071,0
2011-08-21 04:00:01,0.161069173093,0.360635516155,0
2011-08-21 05:00:01,0.224335890393,0.499130068819,0
2011-08-21 06:00:01,0.201105728499,0.490463939437,0
2011-08-21 07:00:01,0.327890515953,0.58640891686,0
2011-08-21 08:00:01,0.587823439878,0.604295299867,0
2011-08-21 09:00:01,0.490445812012,0.694270696499,0
2011-08-21 10:00:01,0.523634418667,0.577682314806,0
2011-08-21 11:00:01,0.601553131959,0.72547656865,0
2011-08-21 12:00:01,0.512415566677,0.73107973463,0
2011-08-21 13:00:01,0.530476204522,0.559416044625,0
2011-08-21 14:00:01,0.493195327382,0.574655391759,0
2011-08-21 15:00:01,0.476013601353,0.46972746661,0
2011-08-21 16:00:01,0.32574985779,0.635383218952,0
2011-08-21 17:00:01,0.261994654275,0.530489382083,0
2011-08-21 18:00:01,0.221285300868,0.537873731235,0
2011-08-21 19:00:01,0.210531741765,0.419418086236,0
2011-08-21 20:00:01,0.201633388977,0.0,0
2011-08-21 21:00:01,0.186981062174,0.0,0
2011-08-21 22:00:01,0.177261959255,0.0,0
2011-08-21 23:00:01,0.176000818212,0.0,0
2011-08-22 00:00:01,0.151385433559,0.0,0
2011-08-22 01:00:01,0.136277320086,0.0,0
2011-08-22 02:00:01,0.110605455837,0.0,0
2011-08-22 03:00:01,0.106407187978,0.0,0
2011-08-22 04:00:01,0.123628854559,0.0,0
2011-08-22 05:00:01,0.17403044894,0.286775136937,0
2011-08-22 06:00:01,0.157171522962,0.410509025502,0
2011-08-22 07:00:01,0.294450489663,0.584235391649,0
2011-08-22 08:00:01,0.667178411573,0.789800493323,0
2011-08-22 09:00:01,0.534268392243,0.81194135962,0
2011-08-22 10:00:01,0.531195462478,0.769379345345,0
2011-08-22 11:00:01,0.527912545288,0.835911326825,0
2011-08-22 12:00:01,0.515761625039,0.577231985393,0
2011-08-22 13:00:01,0.55597207644,0.564563552513,0
2011-08-22 14:00:01,0.519979853441,0.531321261887,0
2011-08-22 15:00:01,0.394642121307,0.660230590074,0
2011-08-22 16:00:01,0.373577168902,0.593559431555,0
2011-08-22 17:00:01,0.2985790942,0.482587511827,0
2011-08-22 18:00:01,0.307674114188,0.459236209519,0
2011-08-22 19:00:01,0.340823750741,0.308114154772,0
2011-08-22 20:00:01,0.335536583127,0.335598157735,0
2011-08-22 21:00:01,0.345641197072,0.282491478167,0
2011-08-22 22:00:01,0.273107112762,0.472827604979,0
2011-08-22 23:00:01,0.155089425029,0.693630918212,0
2011-08-23 00:00:01,0.123046532451,0.686536002455,0
2011-08-23 01:00:01,0.160052421603,0.567367722862,0
2011-08-23 02:00:01,0.0853665712587,0.698159583478,0
2011-08-23 03:00:01,0.0899181896878,0.515121134105,0
2011-08-23 04:00:01,0.121679410333,0.508458209996,0
2011-08-23 05:00:01,0.171454019149,0.531948146595,0
2011-08-23 06:00:01,0.238440523194,0.379842752946,0
2011-08-23 07:00:01,0.381339486702,0.254739232608,0
2011-08-23 08:00:01,0.82047238811,0.83853192281,0
2011-08-23 09:00:01,0.772525570956,0.815696057866,0
2011-08-23 10:00:01,0.692144654921,0.809269554185,0
2011-08-23 11:00:01,0.613436416955,0.845451339223,0
2011-08-23 12:00:01,0.572794590446,0.368137158571,0
2011-08-23 13:00:01,0.555439507425,0.365270236481,0
2011-08-23 14:00:01,0.665397594531,0.672552632351,0
2011-08-23 15:00:01,0.458677384758,0.788736464501,0
2011-08-23 16:00:01,0.272270417989,0.840087786454,0
2011-08-23 17:00:01,0.327019749338,0.859667911287,0
2011-08-23 18:00:01,0.290489487183,0.816072844164,0
2011-08-23 19:00:01,0.279222240278,0.733229469942,0
2011-08-23 20:00:01,0.233345064394,0.453615019456,0
2011-08-23 21:00:01,0.226307303822,0.0,0
2011-08-23 22:00:01,0.258378562796,0.103251191448,0
2011-08-23 23:00:01,0.176908471716,0.442262666862,0
2011-08-24 00:00:01,0.245062179956,0.597469001352,0
2011-08-24 01:00:01,0.172705171911,0.679404793058,0
2011-08-24 02:00:01,0.136768867789,0.698327176453,0
2011-08-24 03:00:01,0.0966510269546,0.671223650197,0
2011-08-24 04:00:01,0.118956597201,0.443565765441,0
2011-08-24 05:00:01,0.160615189472,0.400148914928,0
2011-08-24 06:00:01,0.199960472355,0.472879913785,0
2011-08-24 07:00:01,0.361688633264,0.435442869082,0
2011-08-24 08:00:01,0.533729073915,0.483228598595,0
2011-08-24 09:00:01,0.732902126515,0.57447744759,0
2011-08-24 10:00:01,0.412975208722,0.803677717633,0
2011-08-24 11:00:01,0.54914424154,0.869276372974,0
2011-08-24 12:00:01,0.408489668886,0.87238967861,0
2011-08-24 12:00:01,0.461744524861,0.890947081295,0
2011-08-24 13:00:01,0.486782694693,0.750834454187,0
2011-08-24 14:00:01,0.443630395224,0.677985172094,0
2011-08-24 15:00:01,0.395182983036,0.59606865786,0
2011-08-24 16:00:01,0.31286904473,0.485883745328,0
2011-08-24 17:00:01,0.359353179254,0.528102465411,0
2011-08-24 18:00:01,0.393515741335,0.537517534962,0
2011-08-24 19:00:01,0.344992829914,0.470344452486,0
2011-08-24 20:00:01,0.269384611013,0.627489089046,0
2011-08-24 21:00:01,0.407613767872,0.708661286654,0
2011-08-24 22:00:01,0.173129266121,0.828314882671,0
2011-08-24 23:00:01,0.216109054976,0.850366430078,0
2011-08-25 00:00:01,0.175930985902,0.817611293317,0
2011-08-25 01:00:01,0.169038558828,0.723213089027,0
2011-08-25 02:00:01,0.147807538989,0.299746115353,0
2011-08-25 03:00:01,0.105627064622,0.002574414218,0
2011-08-25 04:00:01,0.000385004945833,0.647600922056,0
2011-08-25 05:00:01,0.461301616821,0.879186133665,0
2011-08-25 06:00:01,0.233271621264,0.90888951286,0
2011-08-25 07:00:01,0.468516100264,0.901891394912,0
2011-08-25 08:00:01,0.581226855579,0.886989534489,0
2011-08-25 09:00:01,0.63461901101,0.852954388063,0
2011-08-25 10:00:01,0.566099898297,0.762111047841,0
2011-08-25 11:00:01,0.493856166154,0.664469096845,0
2011-08-25 12:00:01,0.510208394978,0.590715332867,0
2011-08-25 13:00:01,0.598881695115,0.654997990216,0
2011-08-25 14:00:01,0.470719757998,0.64885584155,0
2011-08-25 15:00:01,0.487960478101,0.675945899017,0
2011-08-25 16:00:01,0.40945390361,0.664130856822,0
2011-08-25 17:00:01,0.398078876882,0.536070731138,0
2011-08-25 18:00:01,0.28019152332,0.530250985126,0
2011-08-25 19:00:01,0.241039451792,0.574642670151,0
2011-08-25 20:00:01,0.381863230297,0.757314218456,0
2011-08-25 21:00:01,0.245432579188,0.78258303699,0
2011-08-25 22:00:01,0.234515320987,0.7734539268,0
2011-08-25 23:00:01,0.206420721247,0.760954838799,0
2011-08-26 00:00:01,0.172429499479,0.582062060029,0
2011-08-26 01:00:01,0.159241958671,0.0,0
2011-08-26 02:00:01,0.155278229609,0.0,0
2011-08-26 03:00:01,0.118453611679,0.0106414011094,0
2011-08-26 04:00:01,0.240569535561,0.614045871362,0
2011-08-26 05:00:01,0.22545800559,0.741280321397,0
2011-08-26 06:00:01,0.279070573154,0.784842843604,0
2011-08-26 07:00:01,0.56754661185,0.716046938334,0
2011-08-26 08:00:01,0.561253351042,0.802284820788,0
2011-08-26 09:00:01,0.641437375228,0.760918270594,0
2011-08-26 10:00:01,0.820133388912,0.754169446032,0
2011-08-26 11:00:01,0.493383546972,0.902489678671,0
2011-08-26 12:00:01,0.547982528587,0.886295993383,0
2011-08-26 13:00:01,0.622099310054,0.886281184474,0
2011-08-26 14:00:01,0.512080118077,0.88727996196,0
2011-08-26 15:00:01,0.507217005562,0.689341069502,0
2011-08-26 16:00:01,0.489108910891,0.591431831799,0
2011-08-26 17:00:01,0.424249760079,0.513636538692,0
2011-08-26 18:00:01,0.412710194262,0.529298526762,0
2011-08-26 19:00:01,0.34001279045,0.506889343411,0
2011-08-26 20:00:01,0.326853774051,0.457339048195,0
2011-08-26 21:00:01,0.28062583972,0.483817322406,0
2011-08-26 22:00:01,0.252289920805,0.376541803371,0
2011-08-26 23:00:01,0.291602799682,0.388485953792,0
2011-08-27 00:00:01,0.215436933318,0.453624097203,0
2011-08-27 01:00:01,0.220260936301,0.532612754505,0
2011-08-27 02:00:01,0.186717041518,0.468282455873,0
2011-08-27 03:00:01,0.176219012927,0.364628542133,0
2011-08-27 04:00:01,0.231765575966,0.470731816205,0
2011-08-27 05:00:01,0.275286303963,0.520502052951,0
2011-08-27 06:00:01,0.264370483326,0.640907666835,0
2011-08-27 07:00:01,0.400318162503,0.686100972079,0
2011-08-27 08:00:01,0.622545622546,0.697987865499,0
2011-08-27 09:00:01,0.633239680138,0.774445012157,0
2011-08-27 10:00:01,0.650044871045,0.756889976893,0
2011-08-27 11:00:01,0.734008493956,0.711140893289,0
2011-08-27 12:00:01,0.598190302441,0.721830072315,0
2011-08-27 13:00:01,0.633516598232,0.691150518648,0
2011-08-27 14:00:01,0.475215553114,0.703503819935,0
2011-08-27 15:00:01,0.463420456765,0.71287074837,0
2011-08-27 16:00:01,0.386224238408,0.603685450354,0
2011-08-27 17:00:01,0.328932749121,0.608468544645,0
2011-08-27 18:00:01,0.322341586383,0.44385830472,0
2011-08-27 19:00:01,0.314598024411,0.445553658803,0
2011-08-27 20:00:01,0.298952180319,0.283702739909,0
2011-08-27 21:00:01,0.294076404898,0.207155329184,0
2011-08-27 22:00:01,0.246401440725,0.207609669464,0
2011-08-27 23:00:01,0.235950187027,0.113738996975,0
2011-08-28 00:00:01,0.207632234838,0.11224562445,0
2011-08-28 01:00:01,0.168988587332,0.0342938842303,0
2011-08-28 02:00:01,0.141435536447,0.0809826654935,0
2011-08-28 03:00:01,0.126585685019,0.0,0
2011-08-28 04:00:01,0.183147548843,0.407243179219,0
2011-08-28 05:00:01,0.2020204139,0.442248235015,0
2011-08-28 06:00:01,0.255996614921,0.583032079932,0
2011-08-28 07:00:01,0.29123345193,0.68464595552,0
2011-08-28 08:00:01,0.540378503706,0.684795340035,0
2011-08-28 09:00:01,0.527062539326,0.767898541758,0
2011-08-28 10:00:01,0.549995516097,0.764757425476,0
2011-08-28 11:00:01,0.55179662353,0.751950036848,0
2011-08-28 12:00:01,0.599372992958,0.705319776772,0
2011-08-28 13:00:01,0.559588399094,0.647307711016,0
2011-08-28 14:00:01,0.511762469039,0.614557633383,0
2011-08-28 15:00:01,0.423079453978,0.521061198424,0
2011-08-28 16:00:01,0.36398231864,0.54343804541,0
2011-08-28 17:00:01,0.316098691924,0.523787474936,0
2011-08-28 18:00:01,0.266430646333,0.420734226955,0
2011-08-28 19:00:01,0.239828768926,0.317671186941,0
2011-08-28 20:00:01,0.193407373847,0.231496376594,0
2011-08-28 21:00:01,0.208397747608,0.22155098507,0
2011-08-28 22:00:01,0.21315769397,0.249962858223,0
2011-08-28 23:00:01,0.182707732595,0.278494399943,0
2011-08-29 00:00:01,0.148677099386,0.350765101013,0
2011-08-29 01:00:01,0.122675363449,0.147794036077,0
2011-08-29 02:00:01,0.109181934384,0.0,0
2011-08-29 03:00:01,0.0892852563938,0.0,0
2011-08-29 04:00:01,0.124574945593,0.271082547758,0
2011-08-29 05:00:01,0.176364561503,0.415563583405,0
2011-08-29 06:00:01,0.202152459227,0.505087953551,0
2011-08-29 07:00:01,0.33298712252,0.561237494221,0
2011-08-29 08:00:01,0.534548955745,0.690541549749,0
2011-08-29 09:00:01,0.64617045722,0.744078237803,0
2011-08-29 10:00:01,0.676532123822,0.747194819534,0
2011-08-29 11:00:01,0.489383195143,0.833231278795,0
2011-08-29 12:00:01,0.40194279738,0.814559522008,0
2011-08-29 13:00:01,0.54963816923,0.854834807355,0
2011-08-29 14:00:01,0.434075134761,0.832959832619,0
2011-08-29 15:00:01,0.435051944804,0.754902534311,0
2011-08-29 16:00:01,0.431632394009,0.702620040895,0
2011-08-29 17:00:01,0.330456971831,0.603525932838,0
2011-08-29 18:00:01,0.301809771023,0.468721264861,0
2011-08-29 19:00:01,0.350951347332,0.5882446026,0
2011-08-29 20:00:01,0.25222889109,0.657002584568,0
2011-08-29 21:00:01,0.241087185555,0.555671235427,0
2011-08-29 22:00:01,0.241589040418,0.569372663882,0
2011-08-29 23:00:01,0.281068471368,0.432631990989,0
2011-08-30 00:00:01,0.206532492386,0.550152336316,0
2011-08-30 01:00:01,0.152663766787,0.598396271367,0
2011-08-30 02:00:01,0.131335780603,0.584527472073,0
2011-08-30 03:00:01,0.109843853676,0.391430214506,0
2011-08-30 04:00:01,0.25651510021,0.576017873137,0
2011-08-30 05:00:01,0.311446035534,0.721271668307,0
2011-08-30 06:00:01,0.283640212075,0.824478947966,0
2011-08-30 07:00:01,0.44263013013,0.712028259127,0
2011-08-30 08:00:01,0.648082483225,0.7205857045,0
2011-08-30 09:00:01,0.791351906205,0.752305422993,0
2011-08-30 10:00:01,0.418384632595,0.907034725668,0
2011-08-30 11:00:01,0.448443602516,0.887732132631,0
2011-08-30 12:00:01,0.435691108365,0.873443457019,0
2011-08-30 13:00:01,0.439349301909,0.86804708494,0
2011-08-30 14:00:01,0.326906301027,0.512499412427,0
2011-08-30 15:00:01,0.447574697018,0.686175596778,0
2011-08-30 16:00:01,0.4682634356,0.7820491869,0
2011-08-30 17:00:01,0.362289894575,0.764123142092,0
2011-08-30 18:00:01,0.3538050999,0.692235339946,0
2011-08-30 19:00:01,0.356699998273,0.452042479396,0
2011-08-30 20:00:01,0.354342033138,0.384374872274,0
2011-08-30 21:00:01,0.300823483278,0.350540044259,0
2011-08-30 22:00:01,0.255876324836,0.323570737309,0
2011-08-30 23:00:01,0.263742533346,0.247061266864,0
2011-08-31 00:00:01,0.241733293219,0.300442621539,0
2011-08-31 01:00:01,0.187582254993,0.274237050686,0
2011-08-31 02:00:01,0.162264258936,0.22756860532,0
2011-08-31 03:00:01,0.144376676817,0.0,0
2011-08-31 04:00:01,0.231260053619,0.507842297624,0
2011-08-31 05:00:01,0.456911647336,0.688343102263,0
2011-08-31 06:00:01,0.329230985394,0.788321457132,0
2011-08-31 07:00:01,0.39677837734,0.721132571836,0
2011-08-31 08:00:01,0.621348463494,0.743675307056,0
2011-08-31 09:00:01,0.533931484502,0.745858311663,0
2011-08-31 10:00:01,0.537277018546,0.732427078945,0
2011-08-31 11:00:01,0.450036545891,0.710355097526,0
2011-08-31 12:00:01,0.57521395655,0.704372824027,0
2011-08-31 13:00:01,0.43598099531,0.684223591476,0
2011-08-31 14:00:01,0.482761582341,0.711241898538,0
2011-08-31 15:00:01,0.394738224019,0.638295260724,0
2011-08-31 16:00:01,0.421161390641,0.571988682518,0
2011-08-31 17:00:01,0.361342866699,0.417417720713,0
2011-08-31 18:00:01,0.408855917468,0.45112043173,0
2011-08-31 19:00:01,0.493310546466,0.554880193663,0
2011-08-31 20:00:01,0.491194901203,0.561771451771,0
2011-08-31 21:00:01,0.494053140395,0.605691332275,0
2011-08-31 22:00:01,0.342674749528,0.616492779308,0
2011-08-31 23:00:01,0.344078797404,0.574630062406,0
2011-09-01 00:00:01,0.216449062676,0.641666802193,0
2011-09-01 01:00:01,0.197612674167,0.623793571878,0
2011-09-01 02:00:01,0.157555506338,0.508288390501,0
2011-09-01 03:00:01,0.129452284039,0.432064531939,0
2011-09-01 04:00:01,0.265415755215,0.495761069625,0
2011-09-01 05:00:01,0.414916925324,0.626063049836,0
2011-09-01 06:00:01,0.436399536493,0.632773454084,0
2011-09-01 07:00:01,0.510638297872,0.588396849138,0
2011-09-01 08:00:01,0.667334565042,0.549269760834,0
2011-09-01 09:00:01,0.683456790123,0.570734872185,0
2011-09-01 10:00:01,0.736830389086,0.490792594462,0
2011-09-01 11:00:01,0.572532679915,0.710061749495,0
2011-09-01 12:00:01,0.420446983591,0.721857266364,0
2011-09-01 13:00:01,0.528570163362,0.784516622359,0
2011-09-01 14:00:01,0.412298289967,0.809480428994,0
2011-09-01 15:00:01,0.490840855649,0.621112878816,0
2011-09-01 16:00:01,0.428572872891,0.513321365229,0
2011-09-01 17:00:01,0.344159041135,0.61229414105,0
2011-09-01 18:00:01,0.362985835006,0.58659305069,0
2011-09-02 15:00:01,0.29474600602,0.517711036913,0
2011-09-02 16:00:01,0.485279887016,0.690390458052,0
2011-09-02 17:00:01,0.41176305761,0.684473633337,0
2011-09-02 18:00:01,0.410321629465,0.504653846207,0
2011-09-02 19:00:01,0.361436552275,0.50920587664,0
2011-09-02 20:00:01,0.330957212541,0.246786368372,0
2011-09-02 21:00:01,0.276432333565,0.21491455611,0
2011-09-02 22:00:01,0.291694292981,0.167074227269,0
2011-09-02 23:00:01,0.301794690505,0.255516000005,0
2011-09-03 00:00:01,0.291617242099,0.303797578621,0
2011-09-03 01:00:01,0.277953194651,0.3543310626,0
2011-09-03 02:00:01,0.248127176169,0.0758309029738,0
2011-09-03 03:00:01,0.169511707947,0.251631849514,0
2011-09-03 04:00:01,0.249690391588,0.524964133347,0
2011-09-03 05:00:01,0.385299625468,0.586248291496,0
2011-09-03 06:00:01,0.384656257837,0.566148819476,0
2011-09-03 07:00:01,0.376194161285,0.592080282284,0
2011-09-03 08:00:01,0.578187102424,0.566238870632,0
2011-09-03 09:00:01,0.729936189191,0.555240359689,0
2011-09-03 10:00:01,0.673216449006,0.580714804154,0
2011-09-03 11:00:01,0.61254001409,0.619963615569,0
2011-09-03 12:00:01,0.641445854126,0.595086260354,0
2011-09-03 13:00:01,0.588598734069,0.60773720255,0
2011-09-03 14:00:01,0.570395805255,0.511332919262,0
2011-09-03 15:00:01,0.472354497354,0.375078670637,0
2011-09-03 16:00:01,0.37974110345,0.498367539777,0
2011-09-03 17:00:01,0.350129181052,0.490170310204,0
2011-09-03 18:00:01,0.275710950256,0.460711365317,0
2011-09-03 19:00:01,0.28777674021,0.253273025014,0
2011-09-03 20:00:01,0.265807976651,0.266657115918,0
2011-09-03 21:00:01,0.278050562952,0.277251031671,0
2011-09-03 22:00:01,0.28659804327,0.284209176109,0
2011-09-03 23:00:01,0.262018924352,0.150736627041,0
2011-09-04 00:00:01,0.259513603461,0.23115229305,0
2011-09-04 01:00:01,0.246324607821,0.0,0
2011-09-04 02:00:01,0.209808549698,0.0,0
2011-09-04 03:00:01,0.17836460505,0.0,0
2011-09-04 04:00:01,0.245289560099,0.394749061636,0
2011-09-04 05:00:01,0.344276292442,0.427315684969,0
2011-09-04 06:00:01,0.306586474989,0.590620601456,0
2011-09-04 07:00:01,0.430391276139,0.578572089631,0
2011-09-04 08:00:01,0.547901341411,0.501375786624,0
2011-09-04 09:00:01,0.641821064842,0.514101216703,0
2011-09-04 10:00:01,0.81641030904,0.3288778975,0
2011-09-04 11:00:01,0.670888581041,0.59444590172,0
2011-09-04 12:00:01,0.614528069363,0.582940091002,0
2011-09-04 13:00:01,0.612822169574,0.660840536926,0
2011-09-04 14:00:01,0.579268292683,0.658648321272,0
2011-09-04 15:00:01,0.485615808491,0.463173046529,0
2011-09-04 16:00:01,0.402082460157,0.474966708871,0
2011-09-04 17:00:01,0.375212989741,0.395856840484,0
2011-09-04 18:00:01,0.307740145091,0.267167734117,0
2011-09-04 19:00:01,0.27382792936,0.014697538696,0
2011-09-04 20:00:01,0.246910383732,0.0274814579424,0
2011-09-04 21:00:01,0.228353890665,0.0,0
2011-09-04 22:00:01,0.233535193639,0.0,0
2011-09-04 23:00:01,0.215548571638,0.0,0
2011-09-05 00:00:01,0.225015080971,0.0,0
2011-09-05 01:00:01,0.209993129869,0.0,0
2011-09-05 02:00:01,0.15313251846,0.107557728896,0
2011-09-05 03:00:01,0.119231002264,0.205756669366,0
2011-09-05 04:00:01,0.165732017867,0.354502329818,0
2011-09-05 05:00:01,0.230474174382,0.438087260781,0
2011-09-05 06:00:01,0.233619482907,0.502602800899,0
2011-09-05 07:00:01,0.284188650927,0.601153736012,0
2011-09-05 08:00:01,0.550548728064,0.546760774174,0
2011-09-05 09:00:01,0.728971054847,0.611417651058,0
2011-09-05 10:00:01,0.530146611013,0.703013000995,0
2011-09-05 11:00:01,0.67969179967,0.702647919372,0
2011-09-05 12:00:01,0.56956630077,0.7406985971,0
2011-09-05 13:00:01,0.558141252955,0.752894176446,0
2011-09-05 14:00:01,0.503757754924,0.532715718528,0
2011-09-05 15:00:01,0.387006146845,0.497599146908,0
2011-09-05 16:00:01,0.360744566447,0.426720687156,0
2011-09-05 17:00:01,0.262992239088,0.441065604546,0
2011-09-05 18:00:01,0.266060699999,0.408111393614,0
2011-09-05 19:00:01,0.240317359828,0.255339793848,0
2011-09-05 20:00:01,0.226144185194,0.185577676108,0
2011-09-05 21:00:01,0.20473812416,0.0,0
2011-09-05 22:00:01,0.174043818091,0.0,0
2011-09-05 23:00:01,0.172111187824,0.0,0
2011-09-06 00:00:01,0.181676539327,0.0245775598492,0
2011-09-06 01:00:01,0.166772823961,0.0887967434515,0
2011-09-06 02:00:01,0.105305627274,0.379135910432,0
2011-09-06 03:00:01,0.0892502429895,0.382286576684,0
2011-09-06 04:00:01,0.163954560416,0.536485960028,0
2011-09-06 05:00:01,0.188989727735,0.603664347053,0
2011-09-06 06:00:01,0.215441237057,0.604759453513,0
2011-09-06 07:00:01,0.445466462263,0.607986035691,0
2011-09-06 08:00:01,0.514810677555,0.587639379114,0
2011-09-06 09:00:01,0.497141778106,0.622006582415,0
2011-09-06 10:00:01,0.601606052562,0.668029037458,0
2011-09-06 11:00:01,0.400448117791,0.812143224514,0
2011-09-06 12:00:01,0.385146130933,0.732804262784,0
2011-09-06 13:00:01,0.451650113231,0.793524253061,0
2011-09-06 14:00:01,0.414082425226,0.811255271849,0
2011-09-06 15:00:01,0.425809421513,0.582975925403,0
2011-09-06 16:00:01,0.342556508184,0.690447545784,0
2011-09-06 17:00:01,0.325499873346,0.446489349326,0
2011-09-06 18:00:01,0.180503882346,0.733946463156,0
2011-09-06 19:00:01,0.557667699041,0.903816711854,0
2011-09-06 20:00:01,0.367222540787,0.890726511555,0
2011-09-06 21:00:01,0.464463472743,0.890663262876,0
2011-09-06 22:00:01,0.327087544384,0.880390762046,0
2011-09-06 23:00:01,0.277730265483,0.774125959804,0
2011-09-07 00:00:01,0.288533644404,0.726826864154,0
2011-09-07 01:00:01,0.2231056289,0.58765263355,0
2011-09-07 02:00:01,0.151394339798,0.501378137652,0
2011-09-07 03:00:01,0.133753737139,0.456474724785,0
2011-09-07 04:00:01,0.153141093435,0.422979739971,0
2011-09-07 05:00:01,0.240614655527,0.544884214689,0
2011-09-07 06:00:01,0.307711918419,0.554928232902,0
2011-09-07 07:00:01,0.391228851975,0.542032765821,0
2011-09-07 08:00:01,0.562866797083,0.390737057252,0
2011-09-07 09:00:01,0.572038880615,0.493223558586,0
2011-09-07 10:00:01,0.587186345688,0.555771871256,0
2011-09-07 11:00:01,0.343989530753,0.839880769623,0
2011-09-07 12:00:01,0.404890624699,0.834412479535,0
2011-09-07 13:00:01,0.441900001126,0.853795239386,0
2011-09-07 14:00:01,0.285779485034,0.844119409462,0
2011-09-07 15:00:01,0.378583558086,0.817180363159,0
