timestamp,value,anomaly_score,label,S(t)_reward_low_FP_rate,S(t)_reward_low_FN_rate,S(t)_standard
2011-07-01 00:00:01,0.0819647355164,0.0,0,0.0,0.0,0.0
2011-07-01 01:00:01,0.0989722357526,0.0,0,0.0,0.0,0.0
2011-07-01 02:00:01,0.0653139485883,0.0,0,0.0,0.0,0.0
2011-07-01 03:00:01,0.0706628339533,0.0,0,0.0,0.0,0.0
2011-07-01 04:00:01,0.102490196078,0.0,0,0.0,0.0,0.0
2011-07-01 05:00:01,0.123394648829,0.0,0,0.0,0.0,0.0
2011-07-01 06:00:01,0.153045112782,0.0,0,0.0,0.0,0.0
2011-07-01 07:00:01,0.148321513002,0.0,0,0.0,0.0,0.0
2011-07-01 08:00:01,0.218257756563,0.0,0,0.0,0.0,0.0
2011-07-01 09:00:01,0.226597938144,0.0,0,0.0,0.0,0.0
2011-07-01 10:00:01,0.174045801527,0.0,0,0.0,0.0,0.0
2011-07-01 11:00:01,0.159901960784,0.0,0,0.0,0.0,0.0
2011-07-01 12:00:01,0.145626477541,0.0,0,0.0,0.0,0.0
2011-07-01 13:00:01,0.143828571429,0.0,0,0.0,0.0,0.0
2011-07-01 14:00:01,0.136604651163,0.0,0,0.0,0.0,0.0
2011-07-01 15:00:01,0.134952494062,0.0,0,0.0,0.0,0.0
2011-07-01 16:00:01,0.112707774799,0.0,0,0.0,0.0,0.0
2011-07-01 17:00:01,0.103763277693,0.0,0,0.0,0.0,0.0
2011-07-01 18:00:01,0.0987147766323,0.0,0,0.0,0.0,0.0
2011-07-01 19:00:01,0.0916247582205,0.0,0,0.0,0.0,0.0
2011-07-01 20:00:01,0.0804951690821,0.0,0,0.0,0.0,0.0
2011-07-01 21:00:01,0.0845783926219,0.0,0,0.0,0.0,0.0
2011-07-01 22:00:01,0.0866643159379,0.0,0,0.0,0.0,0.0
2011-07-01 23:00:01,0.0988316679477,0.0,0,0.0,0.0,0.0
2011-07-02 00:00:01,0.11795614722,0.0,0,0.0,0.0,0.0
2011-07-02 01:00:01,0.0909769230769,0.0,0,0.0,0.0,0.0
2011-07-02 02:00:01,0.0843243243243,0.0,0,0.0,0.0,0.0
2011-07-02 03:00:01,0.0694744820616,0.0,0,0.0,0.0,0.0
2011-07-02 04:00:01,0.0712875751503,0.0,0,0.0,0.0,0.0
2011-07-02 05:00:01,0.0738199181446,0.0,0,0.0,0.0,0.0
2011-07-02 06:00:01,0.113498134328,0.0,0,0.0,0.0,0.0
2011-07-02 07:00:01,0.141458064516,0.0,0,0.0,0.0,0.0
2011-07-02 08:00:01,0.189128787879,0.0,0,0.0,0.0,0.0
2011-07-02 09:00:01,0.151339712919,0.0,0,0.0,0.0,0.0
2011-07-02 10:00:01,0.155231143552,0.0,0,0.0,0.0,0.0
2011-07-02 11:00:01,0.14298245614,0.0,0,0.0,0.0,0.0
2011-07-02 12:00:01,0.144218181818,0.0,0,0.0,0.0,0.0
2011-07-02 13:00:01,0.143366500829,0.0,0,0.0,0.0,0.0
2011-07-02 14:00:01,0.152361516035,0.0,0,0.0,0.0,0.0
2011-07-02 15:00:01,0.143050228311,0.0,0,0.0,0.0,0.0
2011-07-02 16:00:01,0.102183828611,0.0,0,0.0,0.0,0.0
2011-07-02 17:00:01,0.0924731182796,0.0,0,0.0,0.0,0.0
2011-07-02 18:00:01,0.0764556962025,0.0,0,0.0,0.0,0.0
2011-07-02 19:00:01,0.0743530192435,0.0,0,0.0,0.0,0.0
2011-07-02 20:00:01,0.0709893842887,0.0,0,0.0,0.0,0.0
2011-07-02 21:00:01,0.0571908831909,0.0,0,0.0,0.0,0.0
2011-07-02 22:00:01,0.0629096362955,0.0,0,0.0,0.0,0.0
2011-07-02 23:00:01,0.065544768069,0.0,0,0.0,0.0,0.0
2011-07-03 00:00:01,0.0567160161507,0.0,0,0.0,0.0,0.0
2011-07-03 01:00:01,0.0587607170694,0.0,0,0.0,0.0,0.0
2011-07-03 02:00:01,0.0598788546256,0.0,0,0.0,0.0,0.0
2011-07-03 03:00:01,0.0512832369942,0.0,0,0.0,0.0,0.0
2011-07-03 04:00:01,0.0591086065574,0.0,0,0.0,0.0,0.0
2011-07-03 05:00:01,0.0691399082569,0.0,0,0.0,0.0,0.0
2011-07-03 06:00:01,0.091963099631,0.0,0,0.0,0.0,0.0
2011-07-03 07:00:01,0.124621212121,0.0,0,0.0,0.0,0.0
2011-07-03 08:00:01,0.218095238095,0.0,0,0.0,0.0,0.0
2011-07-03 09:00:01,0.172130325815,0.0,0,0.0,0.0,0.0
2011-07-03 10:00:01,0.142936288089,0.0,0,0.0,0.0,0.0
2011-07-03 11:00:01,0.147341389728,0.0,0,0.0,0.0,0.0
2011-07-03 12:00:01,0.123138297872,0.0,0,0.0,0.0,0.0
2011-07-03 13:00:01,0.123795986622,0.0,0,0.0,0.0,0.0
2011-07-03 14:00:01,0.121458797327,0.0,0,0.0,0.0,0.0
2011-07-03 15:00:01,0.114387596899,0.0,0,0.0,0.0,0.0
2011-07-03 16:00:01,0.0894912891986,0.0,0,0.0,0.0,0.0
2011-07-03 17:00:01,0.0797851697852,0.0,0,0.0,0.0,0.0
2011-07-03 18:00:01,0.0724256756757,0.0,0,0.0,0.0,0.0
2011-07-03 19:00:01,0.0671052631579,0.0,0,0.0,0.0,0.0
2011-07-03 20:00:01,0.0625718496684,0.0,0,0.0,0.0,0.0
2011-07-03 21:00:01,0.0512057335582,0.0,0,0.0,0.0,0.0
2011-07-03 22:00:01,0.050217721519,0.0,0,0.0,0.0,0.0
2011-07-03 23:00:01,0.0530833333333,0.0,0,0.0,0.0,0.0
2011-07-04 00:00:01,0.0454658136745,0.0,0,0.0,0.0,0.0
2011-07-04 01:00:01,0.0482011892963,0.0,0,0.0,0.0,0.0
2011-07-04 02:00:01,0.0424707080998,0.0,0,0.0,0.0,0.0
2011-07-04 03:00:01,0.0361947700631,0.0,0,0.0,0.0,0.0
2011-07-04 04:00:01,0.0423479561316,0.0,0,0.0,0.0,0.0
2011-07-04 05:00:01,0.0616081330869,0.0,0,0.0,0.0,0.0
2011-07-04 06:00:01,0.0973949579832,0.0,0,0.0,0.0,0.0
2011-07-04 07:00:01,0.122106918239,0.0,0,0.0,0.0,0.0
2011-07-04 08:00:01,0.182614213198,0.0,0,0.0,0.0,0.0
2011-07-04 09:00:01,0.176124567474,0.0,0,0.0,0.0,0.0
2011-07-04 10:00:01,0.146950672646,0.0,0,0.0,0.0,0.0
2011-07-04 11:00:01,0.121809045226,0.0,0,0.0,0.0,0.0
2011-07-04 12:00:01,0.127351694915,0.0,0,0.0,0.0,0.0
2011-07-04 13:00:01,0.111390532544,0.0,0,0.0,0.0,0.0
2011-07-04 14:00:01,0.123798816568,0.0,0,0.0,0.0,0.0
2011-07-04 15:00:01,0.110897571278,0.0,0,0.0,0.0,0.0
2011-07-04 16:00:01,0.0864069952305,0.0,0,0.0,0.0,0.0
2011-07-04 17:00:01,0.0857901085645,0.0,0,0.0,0.0,0.0
2011-07-04 18:00:01,0.0712333965844,0.0,0,0.0,0.0,0.0
2011-07-04 19:00:01,0.0664840182648,0.0,0,0.0,0.0,0.0
2011-07-04 20:00:01,0.0633661075766,0.0,0,0.0,0.0,0.0
2011-07-04 21:00:01,0.0602728613569,0.0,0,0.0,0.0,0.0
2011-07-04 22:00:01,0.0604935424354,0.0,0,0.0,0.0,0.0
2011-07-04 23:00:01,0.059634551495,0.0,0,0.0,0.0,0.0
2011-07-05 00:00:01,0.0555023094688,0.0,0,0.0,0.0,0.0
2011-07-05 01:00:01,0.0426701570681,0.0,0,0.0,0.0,0.0
2011-07-05 02:00:01,0.0454550792719,0.0,0,0.0,0.0,0.0
2011-07-05 03:00:01,0.0372700871249,0.0,0,0.0,0.0,0.0
2011-07-05 04:00:01,0.0448206751055,0.0,0,0.0,0.0,0.0
2011-07-05 05:00:01,0.0649965493444,0.0,0,0.0,0.0,0.0
2011-07-05 06:00:01,0.0948186528497,0.0,0,0.0,0.0,0.0
2011-07-05 07:00:01,0.11772173913,0.0,0,0.0,0.0,0.0
2011-07-05 08:00:01,0.176833333333,0.0,0,0.0,0.0,0.0
2011-07-05 09:00:01,0.146557377049,0.0,0,0.0,0.0,0.0
2011-07-05 10:00:01,0.133574297189,0.0,0,0.0,0.0,0.0
2011-07-05 11:00:01,0.139591836735,0.0,0,0.0,0.0,0.0
2011-07-05 12:00:01,0.113243243243,0.0,0,0.0,0.0,0.0
2011-07-05 13:00:01,0.121060070671,0.0,0,0.0,0.0,0.0
2011-07-05 14:00:01,0.119309210526,0.0,0,0.0,0.0,0.0
2011-07-05 15:00:01,0.105715846995,0.0,0,0.0,0.0,0.0
2011-07-05 16:00:01,0.0908553546592,0.0,0,0.0,0.0,0.0
2011-07-05 17:00:01,0.0824758220503,0.0,0,0.0,0.0,0.0
2011-07-05 18:00:01,0.0744980370163,0.0,0,0.0,0.0,0.0
2011-07-05 19:00:01,0.0757240204429,0.0,0,0.0,0.0,0.0
2011-07-05 20:00:01,0.0704836829837,0.0,0,0.0,0.0,0.0
2011-07-05 21:00:01,0.0659228486647,0.0,0,0.0,0.0,0.0
2011-07-05 22:00:01,0.0508973252804,0.0,0,0.0,0.0,0.0
2011-07-05 23:00:01,0.0550694444444,0.0,0,0.0,0.0,0.0
2011-07-06 00:00:01,0.0592647765497,0.0,0,0.0,0.0,0.0
2011-07-06 01:00:01,0.0506581469649,0.0,0,0.0,0.0,0.0
2011-07-06 02:00:01,0.0409549982824,0.0,0,0.0,0.0,0.0
2011-07-06 03:00:01,0.0354873115116,0.0,0,0.0,0.0,0.0
2011-07-06 04:00:01,0.0584235976789,0.0,0,0.0,0.0,0.0
2011-07-06 05:00:01,0.0979736408567,0.0,0,0.0,0.0,0.0
2011-07-06 06:00:01,0.109025423729,0.0,0,0.0,0.0,0.0
2011-07-06 07:00:01,0.11874025974,0.0,0,0.0,0.0,0.0
2011-07-06 08:00:01,0.171501416431,0.0,0,0.0,0.0,0.0
2011-07-06 09:00:01,0.177857142857,0.0,0,0.0,0.0,0.0
2011-07-06 10:00:01,0.138678414097,0.0,0,0.0,0.0,0.0
2011-07-06 11:00:01,0.140806451613,0.0,0,0.0,0.0,0.0
2011-07-06 12:00:01,0.153417721519,0.0,0,0.0,0.0,0.0
2011-07-06 13:00:01,0.11140070922,0.0,0,0.0,0.0,0.0
2011-07-06 14:00:01,0.114154929577,0.0,0,0.0,0.0,0.0
2011-07-06 15:00:01,0.117304261645,0.0,0,0.0,0.0,0.0
2011-07-06 16:00:01,0.0871753246753,0.0,0,0.0,0.0,0.0
2011-07-06 17:00:01,0.0905656934307,0.0,0,0.0,0.0,0.0
2011-07-06 18:00:01,0.0828233970754,0.0,0,0.0,0.0,0.0
2011-07-06 19:00:01,0.0885174625802,0.0,0,0.0,0.0,0.0
2011-07-06 20:00:01,0.0849336128581,0.0,0,0.0,0.0,0.0
2011-07-06 21:00:01,0.0927850877193,0.0,0,0.0,0.0,0.0
2011-07-06 22:00:01,0.080655983976,0.0,0,0.0,0.0,0.0
2011-07-06 23:00:01,0.0737714285714,0.0,0,0.0,0.0,0.0
2011-07-07 00:00:01,0.0589785227868,0.0,0,0.0,0.0,0.0
2011-07-07 01:00:01,0.0518829376035,0.0,0,0.0,0.0,0.0
2011-07-07 02:00:01,0.0399152920196,0.0,0,0.0,0.0,0.0
2011-07-07 03:00:01,0.0365565345081,0.0,0,0.0,0.0,0.0
2011-07-07 04:00:01,0.0422852912142,0.0,0,0.0,0.0,0.0
2011-07-07 05:00:01,0.0599111111111,0.0,0,0.0,0.0,0.0
2011-07-07 06:00:01,0.06836,0.0,0,0.0,0.0,0.0
2011-07-07 07:00:01,0.0785412474849,0.0,0,0.0,0.0,0.0
2011-07-07 08:00:01,0.1369,0.0,0,0.0,0.0,0.0
2011-07-07 09:00:01,0.134372469636,0.0,0,0.0,0.0,0.0
2011-07-07 10:00:01,0.130298102981,0.0,0,0.0,0.0,0.0
2011-07-07 11:00:01,0.0940255591054,0.0,0,0.0,0.0,0.0
2011-07-07 12:00:01,0.0949642004773,0.0,0,0.0,0.0,0.0
2011-07-07 13:00:01,0.0797727272727,0.0,0,0.0,0.0,0.0
2011-07-07 14:00:01,0.0865840938722,0.0,0,0.0,0.0,0.0
2011-07-07 15:00:01,0.0828489795918,0.0,0,0.0,0.0,0.0
2011-07-07 16:00:01,0.0643440860215,0.0,0,0.0,0.0,0.0
2011-07-07 17:00:01,0.0631866776316,0.0,0,0.0,0.0,0.0
2011-07-07 18:00:01,0.0588312368973,0.0,0,0.0,0.0,0.0
2011-07-07 19:00:01,0.0553018372703,0.0,0,0.0,0.0,0.0
2011-07-07 20:00:01,0.0636177474403,0.0,0,0.0,0.0,0.0
2011-07-07 21:00:01,0.0696616541353,0.0,0,0.0,0.0,0.0
2011-07-07 22:00:01,0.0672093023256,0.0,0,0.0,0.0,0.0
2011-07-07 23:00:01,0.0647668393782,0.0,0,0.0,0.0,0.0
2011-07-08 00:00:01,0.0529286858974,0.0,0,0.0,0.0,0.0
2011-07-08 01:00:01,0.043,0.0,0,0.0,0.0,0.0
2011-07-08 02:00:01,0.0370847315436,0.0,0,0.0,0.0,0.0
2011-07-08 03:00:01,0.029056261343,0.0,0,0.0,0.0,0.0
2011-07-08 04:00:01,0.0390342793955,0.0,0,0.0,0.0,0.0
2011-07-08 05:00:01,0.0547750865052,0.0,0,0.0,0.0,0.0
2011-07-08 06:00:01,0.077652733119,0.0,0,0.0,0.0,0.0
2011-07-08 07:00:01,0.105649202733,0.0,0,0.0,0.0,0.0
2011-07-08 08:00:01,0.106728624535,0.0,0,0.0,0.0,0.0
2011-07-08 09:00:01,0.13031358885,0.0,0,0.0,0.0,0.0
2011-07-08 10:00:01,0.114,0.0,0,0.0,0.0,0.0
2011-07-08 11:00:01,0.0982986111111,0.0,0,0.0,0.0,0.0
2011-07-08 12:00:01,0.0896160558464,0.0,0,0.0,0.0,0.0
2011-07-08 13:00:01,0.082061482821,0.0,0,0.0,0.0,0.0
2011-07-08 14:00:01,0.0775255102041,0.0,0,0.0,0.0,0.0
2011-07-08 15:00:01,0.080700525394,0.0,0,0.0,0.0,0.0
2011-07-08 16:00:01,0.0630213706706,0.0,0,0.0,0.0,0.0
2011-07-08 17:00:01,0.0710957642726,0.0,0,0.0,0.0,0.0
2011-07-08 18:00:01,0.0692333019755,0.0,0,0.0,0.0,0.0
2011-07-08 19:00:01,0.0578288770053,0.0,0,0.0,0.0,0.0
2011-07-08 20:00:01,0.0509116607774,0.0,0,0.0,0.0,0.0
2011-07-08 21:00:01,0.0566599025974,0.0,0,0.0,0.0,0.0
2011-07-08 22:00:01,0.051887966805,0.0,0,0.0,0.0,0.0
2011-07-08 23:00:01,0.0498945703743,0.0,0,0.0,0.0,0.0
2011-07-09 00:00:01,0.05091367713,0.0,0,0.0,0.0,0.0
2011-07-09 01:00:01,0.0543451568895,0.0,0,0.0,0.0,0.0
2011-07-09 02:00:01,0.0465873959572,0.0,0,0.0,0.0,0.0
2011-07-09 03:00:01,0.0408384458078,0.0,0,0.0,0.0,0.0
2011-07-09 04:00:01,0.0569039323046,0.0,0,0.0,0.0,0.0
2011-07-09 05:00:01,0.065549898167,0.0,0,0.0,0.0,0.0
2011-07-09 06:00:01,0.0830152671756,0.0,0,0.0,0.0,0.0
2011-07-09 07:00:01,0.103198924731,0.0,0,0.0,0.0,0.0
2011-07-09 08:00:01,0.137385398981,0.0,0,0.0,0.0,0.0
2011-07-09 09:00:01,0.124793187348,0.0,0,0.0,0.0,0.0
2011-07-09 10:00:01,0.108936170213,0.0,0,0.0,0.0,0.0
2011-07-09 11:00:01,0.110889423077,0.0,0,0.0,0.0,0.0
2011-07-09 12:00:01,0.102679180887,0.0,0,0.0,0.0,0.0
2011-07-09 13:00:01,0.0846708860759,0.0,0,0.0,0.0,0.0
2011-07-09 14:00:01,0.074122983871,0.0,0,0.0,0.0,0.0
2011-07-09 15:00:01,0.0688360175695,0.0,0,0.0,0.0,0.0
2011-07-09 16:00:01,0.0609321533923,0.0,0,0.0,0.0,0.0
2011-07-09 17:00:01,0.0511821086262,0.0,0,0.0,0.0,0.0
2011-07-09 18:00:01,0.0732703213611,0.0,0,0.0,0.0,0.0
2011-07-09 19:00:01,0.0747021445592,0.0,0,0.0,0.0,0.0
2011-07-09 20:00:01,0.0693601190476,0.0,0,0.0,0.0,0.0
2011-07-09 21:00:01,0.069770879527,0.0,0,0.0,0.0,0.0
2011-07-09 22:00:01,0.0528718226068,0.0,0,0.0,0.0,0.0
2011-07-09 23:00:01,0.0605546403075,0.0,0,0.0,0.0,0.0
2011-07-10 00:00:01,0.0679034582133,0.0,0,0.0,0.0,0.0
2011-07-10 01:00:01,0.0553818443804,0.0,0,0.0,0.0,0.0
2011-07-10 02:00:01,0.0410645339217,0.0,0,0.0,0.0,0.0
2011-07-10 03:00:01,0.03905,0.0,0,0.0,0.0,0.0
2011-07-10 04:00:01,0.0452134831461,0.0,0,0.0,0.0,0.0
2011-07-10 05:00:01,0.0568603465851,0.0,0,0.0,0.0,0.0
2011-07-10 06:00:01,0.0712981199642,0.0,0,0.0,0.0,0.0
2011-07-10 07:00:01,0.088981042654,0.0,0,0.0,0.0,0.0
2011-07-10 08:00:01,0.14926335175,0.0,0,0.0,0.0,0.0
2011-07-10 09:00:01,0.12248,0.0,0,0.0,0.0,0.0
2011-07-10 10:00:01,0.116993318486,0.0,0,0.0,0.0,0.0
2011-07-10 11:00:01,0.111520342612,0.0,0,0.0,0.0,0.0
2011-07-10 12:00:01,0.100423728814,0.0,0,0.0,0.0,0.0
2011-07-10 13:00:01,0.0807338129496,0.0,0,0.0,0.0,0.0
2011-07-10 14:00:01,0.0885483870968,0.0,0,0.0,0.0,0.0
2011-07-10 15:00:01,0.0845520833333,0.0,0,0.0,0.0,0.0
2011-07-10 16:00:01,0.0803118503119,0.0,0,0.0,0.0,0.0
2011-07-10 17:00:01,0.0752053063803,0.0,0,0.0,0.0,0.0
2011-07-10 18:00:01,0.0604114134041,0.0,0,0.0,0.0,0.0
2011-07-10 19:00:01,0.0611792138574,0.0,0,0.0,0.0,0.0
2011-07-10 20:00:01,0.0581619758759,0.0,0,0.0,0.0,0.0
2011-07-10 21:00:01,0.0557387444515,0.0,0,0.0,0.0,0.0
2011-07-10 22:00:01,0.0557292271935,0.0,0,0.0,0.0,0.0
2011-07-10 23:00:01,0.0554871794872,0.0,0,0.0,0.0,0.0
2011-07-11 00:00:01,0.0435956467141,0.0,0,0.0,0.0,0.0
2011-07-11 01:00:01,0.0410140708394,0.0590918593712,0,0.0,0.0,0.0
2011-07-11 02:00:01,0.0390708661417,0.0,0,0.0,0.0,0.0
2011-07-11 03:00:01,0.0484085051546,0.455647027898,0,0.0,0.0,0.0
2011-07-11 04:00:01,0.0548306233062,0.174291250015,1,-1.0,-2.0,-1.0
2011-07-11 05:00:01,0.0798846787479,0.172975654076,1,0.0,0.0,0.0
2011-07-11 06:00:01,0.0904545454545,0.345836425504,1,0.0,0.0,0.0
2011-07-11 07:00:01,0.109911504425,0.108242301686,1,0.0,0.0,0.0
2011-07-11 08:00:01,0.14953125,0.193585524406,1,0.0,0.0,0.0
2011-07-11 09:00:01,0.128966789668,0.659195194534,1,0.0,0.0,0.0
2011-07-11 10:00:01,0.120981132075,0.394865599264,1,0.0,0.0,0.0
2011-07-11 11:00:01,0.10642599278,0.0,1,0.0,0.0,0.0
2011-07-11 12:00:01,0.0980687830688,0.231302328903,1,0.0,0.0,0.0
2011-07-11 13:00:01,0.0895955882353,0.0,1,0.0,0.0,0.0
2011-07-11 14:00:01,0.0831072555205,0.0989561376126,1,0.0,0.0,0.0
2011-07-11 15:00:01,0.0761529933481,0.0938225996602,1,0.0,0.0,0.0
2011-07-11 16:00:01,0.0695591836735,0.610779856079,1,0.0,0.0,0.0
2011-07-11 17:00:01,0.0800690184049,0.306220560573,1,0.0,0.0,0.0
2011-07-11 18:00:01,0.0713066871637,0.258068121344,1,0.0,0.0,0.0
2011-07-11 19:00:01,0.0689016172507,0.0,1,0.0,0.0,0.0
2011-07-11 20:00:01,0.0657076101469,0.0601239834845,1,0.0,0.0,0.0
2011-07-11 21:00:01,0.0488832772166,0.0,1,0.0,0.0,0.0
2011-07-11 22:00:01,0.0446334716459,0.322110417813,1,0.0,0.0,0.0
2011-07-11 23:00:01,0.0437057808456,0.573383921141,1,0.0,0.0,0.0
2011-07-12 00:00:01,0.0405548387097,0.269085197202,1,0.0,0.0,0.0
2011-07-12 01:00:01,0.0395984286338,0.465489720319,1,0.0,0.0,0.0
2011-07-12 02:00:01,0.0376497277677,0.449770170618,1,0.0,0.0,0.0
2011-07-12 03:00:01,0.0273855730502,0.283609565539,1,0.0,0.0,0.0
2011-07-12 04:00:01,0.0399748638458,0.28859096044,1,0.0,0.0,0.0
2011-07-12 05:00:01,0.0512578222778,0.0,1,0.0,0.0,0.0
2011-07-12 06:00:01,0.0768638392857,0.10497636919,1,0.0,0.0,0.0
2011-07-12 07:00:01,0.0844540229885,0.149000542638,1,0.0,0.0,0.0
2011-07-12 08:00:01,0.134916317992,0.186730372484,1,0.0,0.0,0.0
2011-07-12 09:00:01,0.130771812081,0.0,1,0.0,0.0,0.0
2011-07-12 10:00:01,0.122636363636,0.1379972075,1,0.0,0.0,0.0
2011-07-12 11:00:01,0.116319218241,0.0,1,0.0,0.0,0.0
2011-07-12 12:00:01,0.113074935401,0.168024418128,1,0.0,0.0,0.0
2011-07-12 13:00:01,0.0957581227437,0.0,1,0.0,0.0,0.0
2011-07-12 14:00:01,0.0948387096774,0.130694271074,1,0.0,0.0,0.0
2011-07-12 15:00:01,0.0883890954151,0.39174787032,1,0.0,0.0,0.0
2011-07-12 16:00:01,0.0805347091932,0.381759026556,1,0.0,0.0,0.0
2011-07-12 17:00:01,0.0838054474708,0.0,1,0.0,0.0,0.0
2011-07-12 18:00:01,0.0699471598415,0.0848734990037,1,0.0,0.0,0.0
2011-07-12 19:00:01,0.0719724437999,0.0,1,0.0,0.0,0.0
2011-07-12 20:00:01,0.0716866359447,0.349174796,1,0.0,0.0,0.0
2011-07-12 21:00:01,0.0751682134571,0.46649142305,1,0.0,0.0,0.0
2011-07-12 22:00:01,0.0701829697396,0.0,1,0.0,0.0,0.0
2011-07-12 23:00:01,0.0624853458382,0.00558644567071,1,0.0,0.0,0.0
2011-07-13 00:00:01,0.0591021967526,0.0,1,0.0,0.0,0.0
2011-07-13 01:00:01,0.0564490339773,0.0,1,0.0,0.0,0.0
2011-07-13 02:00:01,0.0495853829937,0.232838104228,1,0.0,0.0,0.0
2011-07-13 03:00:01,0.0428013833992,0.215541950931,1,0.0,0.0,0.0
2011-07-13 04:00:01,0.06172,0.0,1,0.0,0.0,0.0
2011-07-13 05:00:01,0.0787394957983,0.0,1,0.0,0.0,0.0
2011-07-13 06:00:01,0.104476190476,0.11566049108,1,0.0,0.0,0.0
2011-07-13 07:00:01,0.137398843931,0.0,1,0.0,0.0,0.0
2011-07-13 08:00:01,0.173003095975,0.207867852353,1,0.0,0.0,0.0
2011-07-13 09:00:01,0.160666666667,0.0532802036277,1,0.0,0.0,0.0
2011-07-13 10:00:01,0.140447761194,0.248223299189,1,0.0,0.0,0.0
2011-07-13 11:00:01,0.14541322314,0.0,1,0.0,0.0,0.0
2011-07-13 12:00:01,0.105280665281,0.0,1,0.0,0.0,0.0
2011-07-13 13:00:01,0.109710144928,0.420464828414,1,0.0,0.0,0.0
2011-07-13 14:00:01,0.119234234234,0.0,1,0.0,0.0,0.0
2011-07-13 15:00:01,0.109706521739,0.487407468018,1,0.0,0.0,0.0
2011-07-13 16:00:01,0.1125,0.0,1,0.0,0.0,0.0
2011-07-13 17:00:01,0.0806234203875,0.35688428327,1,0.0,0.0,0.0
2011-07-13 18:00:01,0.0751756954612,0.0,1,0.0,0.0,0.0
2011-07-13 19:00:01,0.0643361473523,0.449073023486,1,0.0,0.0,0.0
2011-07-13 20:00:01,0.0632748143147,0.0168050203925,1,0.0,0.0,0.0
2011-07-13 21:00:01,0.0527571669477,0.00412854297815,1,0.0,0.0,0.0
2011-07-13 22:00:01,0.0587525562372,0.174130629358,1,0.0,0.0,0.0
2011-07-13 23:00:01,0.0675053153792,0.0,1,0.0,0.0,0.0
2011-07-14 00:00:01,0.0630647709321,0.0,1,0.0,0.0,0.0
2011-07-14 01:00:01,0.0542712671029,0.261405743119,1,0.0,0.0,0.0
2011-07-14 02:00:01,0.0454437869822,0.242087357586,1,0.0,0.0,0.0
2011-07-14 03:00:01,0.0427843915344,0.215704500595,1,0.0,0.0,0.0
2011-07-14 04:00:01,0.0754888039323,0.734476285857,1,0.0,0.0,0.0
2011-07-14 05:00:01,0.12162962963,0.0,1,0.0,0.0,0.0
2011-07-14 06:00:01,0.104147465438,0.411454709788,1,0.0,0.0,0.0
2011-07-14 07:00:01,0.11685300207,0.43254666737,1,0.0,0.0,0.0
2011-07-14 08:00:01,0.163841463415,0.0981549665163,1,0.0,0.0,0.0
2011-07-14 09:00:01,0.134169491525,0.658488131326,1,0.0,0.0,0.0
2011-07-14 10:00:01,0.119638554217,0.0876002661091,1,0.0,0.0,0.0
2011-07-14 11:00:01,0.105258215962,0.0,1,0.0,0.0,0.0
2011-07-14 12:00:01,0.139400428266,0.0,1,0.0,0.0,0.0
2011-07-14 13:00:01,0.172899728997,0.0,1,0.0,0.0,0.0
2011-07-14 14:00:01,0.143414285714,0.0,1,0.0,0.0,0.0
2011-07-14 15:00:01,0.113112980769,0.380621377183,1,0.0,0.0,0.0
2011-07-14 16:00:01,0.102432082794,0.0,1,0.0,0.0,0.0
2011-07-14 17:00:01,0.0945905420992,0.0661304697558,1,0.0,0.0,0.0
2011-07-14 18:00:01,0.0876892109501,0.0820001638931,1,0.0,0.0,0.0
2011-07-14 19:00:01,0.0769917743831,0.0,1,0.0,0.0,0.0
2011-07-14 20:00:01,0.0660641579272,0.109366516878,1,0.0,0.0,0.0
2011-07-14 21:00:01,0.0686515748031,0.278606829551,1,0.0,0.0,0.0
2011-07-14 22:00:01,0.0630867518494,0.394110074096,1,0.0,0.0,0.0
2011-07-14 23:00:01,0.0668716289105,0.0,1,0.0,0.0,0.0
2011-07-15 00:00:01,0.066568,0.339458866767,1,0.0,0.0,0.0
2011-07-15 01:00:01,0.064297188755,0.0,1,0.0,0.0,0.0
2011-07-15 02:00:01,0.0545993031359,0.0,1,0.0,0.0,0.0
2011-07-15 03:00:01,0.0488020833333,0.15005767551,1,0.0,0.0,0.0
2011-07-15 04:00:01,0.0657415254237,0.646527466255,1,0.0,0.0,0.0
2011-07-15 05:00:01,0.0831349628055,0.0,1,0.0,0.0,0.0
2011-07-15 06:00:01,0.0972619047619,0.0,1,0.0,0.0,0.0
2011-07-15 07:00:01,0.128293650794,0.432980835496,1,0.0,0.0,0.0
2011-07-15 08:00:01,0.142421052632,0.400734285514,1,0.0,0.0,0.0
2011-07-15 09:00:01,0.143630573248,0.0,1,0.0,0.0,0.0
2011-07-15 10:00:01,0.107873754153,0.370644241744,1,0.0,0.0,0.0
2011-07-15 11:00:01,0.128459119497,0.0,1,0.0,0.0,0.0
2011-07-15 12:00:01,0.153944954128,0.0829867494441,1,0.0,0.0,0.0
2011-07-15 13:00:01,0.121011904762,0.484207742894,1,0.0,0.0,0.0
2011-07-15 14:00:01,0.122206349206,0.0,1,0.0,0.0,0.0
2011-07-15 15:00:01,0.119244114002,0.0,1,0.0,0.0,0.0
2011-07-15 16:00:01,0.125719257541,0.0,1,0.0,0.0,0.0
2011-07-15 17:00:01,0.105527472527,0.436589263391,1,0.0,0.0,0.0
2011-07-15 18:00:01,0.107925531915,0.00186517746255,1,0.0,0.0,0.0
2011-07-15 19:00:01,0.101285140562,0.14621709686,1,0.0,0.0,0.0
2011-07-15 20:00:01,0.0782247557003,0.307380001709,1,0.0,0.0,0.0
2011-07-15 21:00:01,0.0794422535211,0.250278857985,1,0.0,0.0,0.0
2011-07-15 22:00:01,0.0666718386346,0.427164359859,1,0.0,0.0,0.0
2011-07-15 23:00:01,0.0679684763573,0.0,1,0.0,0.0,0.0
2011-07-16 00:00:01,0.0628316953317,0.0,1,0.0,0.0,0.0
2011-07-16 01:00:01,0.0576279974076,0.242669619261,1,0.0,0.0,0.0
2011-07-16 02:00:01,0.0515857226448,0.281248981466,1,0.0,0.0,0.0
2011-07-16 03:00:01,0.0459335873707,0.143573448535,1,0.0,0.0,0.0
2011-07-16 04:00:01,0.0593970893971,0.299198918838,1,0.0,0.0,0.0
2011-07-16 05:00:01,0.0690847322142,0.0,1,0.0,0.0,0.0
2011-07-16 06:00:01,0.0845133819951,0.522299646801,1,0.0,0.0,0.0
2011-07-16 07:00:01,0.128930987821,0.0,1,0.0,0.0,0.0
2011-07-16 08:00:01,0.133377777778,0.157715646223,1,0.0,0.0,0.0
2011-07-16 09:00:01,0.133666666667,0.415561577891,1,0.0,0.0,0.0
2011-07-16 10:00:01,0.110243902439,0.0,1,0.0,0.0,0.0
2011-07-16 11:00:01,0.124468085106,0.0,1,0.0,0.0,0.0
2011-07-16 12:00:01,0.129587426326,0.0,1,0.0,0.0,0.0
2011-07-16 13:00:01,0.116791277259,0.0556295105359,1,0.0,0.0,0.0
2011-07-16 14:00:01,0.131853658537,0.338454625513,1,0.0,0.0,0.0
2011-07-16 15:00:01,0.12354799514,0.0980002948683,1,0.0,0.0,0.0
2011-07-16 16:00:01,0.106280991736,0.0,1,0.0,0.0,0.0
2011-07-16 17:00:01,0.0875408163265,0.0783313569159,1,0.0,0.0,0.0
2011-07-16 18:00:01,0.0848959032908,0.285833526205,1,0.0,0.0,0.0
2011-07-16 19:00:01,0.0850235849057,0.0,1,0.0,0.0,0.0
2011-07-16 20:00:01,0.088818263205,0.0,1,0.0,0.0,0.0
2011-07-16 21:00:01,0.0806446140797,0.0112228032638,1,0.0,0.0,0.0
2011-07-16 22:00:01,0.0916818181818,0.156862346646,1,0.0,0.0,0.0
2011-07-16 23:00:01,0.0951011433597,0.23520681614,1,0.0,0.0,0.0
2011-07-17 00:00:01,0.0823130608175,0.27074807283,1,0.0,0.0,0.0
2011-07-17 01:00:01,0.0839484126984,0.10503124562,1,0.0,0.0,0.0
2011-07-17 02:00:01,0.0714049586777,0.41133220068,1,0.0,0.0,0.0
2011-07-17 03:00:01,0.0668453865337,0.0,1,0.0,0.0,0.0
2011-07-17 04:00:01,0.089832149774,0.078354718598,1,0.0,0.0,0.0
2011-07-17 05:00:01,0.0864338235294,0.274317666507,1,0.0,0.0,0.0
2011-07-17 06:00:01,0.0963191763192,0.029266450268,1,0.0,0.0,0.0
2011-07-17 07:00:01,0.133951219512,0.744961223809,1,0.0,0.0,0.0
2011-07-17 08:00:01,0.129698113208,0.202151975551,1,0.0,0.0,0.0
2011-07-17 09:00:01,0.113882352941,0.0,1,0.0,0.0,0.0
2011-07-17 10:00:01,0.103264033264,0.0184952425113,1,0.0,0.0,0.0
2011-07-17 11:00:01,0.123671232877,0.0,1,0.0,0.0,0.0
2011-07-17 12:00:01,0.118403361345,0.150370539135,1,0.0,0.0,0.0
2011-07-17 13:00:01,0.120855263158,0.163914932888,1,0.0,0.0,0.0
2011-07-17 14:00:01,0.128103932584,0.0868356393389,1,0.0,0.0,0.0
2011-07-17 15:00:01,0.123614864865,0.575962466,1,0.0,0.0,0.0
2011-07-17 16:00:01,0.103994169096,0.0,1,0.0,0.0,0.0
2011-07-17 17:00:01,0.0921825023518,0.0223314913558,1,0.0,0.0,0.0
2011-07-17 18:00:01,0.0784539007092,0.22487070205,1,0.0,0.0,0.0
2011-07-17 19:00:01,0.0691608391608,0.130941714747,1,0.0,0.0,0.0
2011-07-17 20:00:01,0.0860685033507,0.0,1,0.0,0.0,0.0
2011-07-17 21:00:01,0.0812937347437,0.0,1,0.0,0.0,0.0
2011-07-17 22:00:01,0.0766594360087,0.0,1,0.0,0.0,0.0
2011-07-17 23:00:01,0.0688845553822,0.0670025300603,0,0.0,0.0,0.0
2011-07-18 00:00:01,0.0831017369727,0.284977397221,0,0.0,0.0,0.0
2011-07-18 01:00:01,0.0562208915502,0.720133792285,0,0.0,0.0,0.0
2011-07-18 02:00:01,0.0542358688067,0.410253935329,0,0.0,0.0,0.0
2011-07-18 03:00:01,0.0529631794272,0.267474577857,0,0.0,0.0,0.0
2011-07-18 04:00:01,0.057367657723,0.0,0,0.0,0.0,0.0
2011-07-18 05:00:01,0.080813810111,0.0,0,0.0,0.0,0.0
2011-07-18 06:00:01,0.0828771384137,0.0,0,0.0,0.0,0.0
2011-07-18 07:00:01,0.098482428115,0.0,0,0.0,0.0,0.0
2011-07-18 08:00:01,0.133706720978,0.278991338125,0,0.0,0.0,0.0
2011-07-18 09:00:01,0.125448504983,0.398331092044,0,0.0,0.0,0.0
2011-07-18 10:00:01,0.112797202797,0.0,0,0.0,0.0,0.0
2011-07-18 11:00:01,0.133260869565,0.100996833167,0,0.0,0.0,0.0
2011-07-18 12:00:01,0.114242424242,0.53250258075,0,0.0,0.0,0.0
2011-07-18 13:00:01,0.109731958763,0.0,0,0.0,0.0,0.0
2011-07-18 14:00:01,0.110627118644,0.337836245417,0,0.0,0.0,0.0
2011-07-18 15:00:01,0.13235915493,0.0,0,0.0,0.0,0.0
2011-07-18 16:00:01,0.108308004053,0.124097092638,0,0.0,0.0,0.0
2011-07-18 17:00:01,0.112766934558,0.232697787254,0,0.0,0.0,0.0
2011-07-18 18:00:01,0.0867071057192,0.0,0,0.0,0.0,0.0
2011-07-18 19:00:01,0.0666476624857,0.301091040573,0,0.0,0.0,0.0
2011-07-18 20:00:01,0.0610063291139,0.34198224681,0,0.0,0.0,0.0
2011-07-18 21:00:01,0.0633564814815,0.377147173196,0,0.0,0.0,0.0
2011-07-18 22:00:01,0.0577608297743,0.0552042678725,0,0.0,0.0,0.0
2011-07-18 23:00:01,0.0592826221398,0.0,0,0.0,0.0,0.0
2011-07-19 00:00:01,0.058606557377,0.0581548128061,0,0.0,0.0,0.0
2011-07-19 01:00:01,0.060243902439,0.0,0,0.0,0.0,0.0
2011-07-19 02:00:01,0.0581115202525,0.182070198225,0,0.0,0.0,0.0
2011-07-19 03:00:01,0.0536248012719,0.0,0,0.0,0.0,0.0
2011-07-19 04:00:01,0.0759214285714,0.0,0,0.0,0.0,0.0
2011-07-19 05:00:01,0.0956813819578,0.403598968258,0,0.0,0.0,0.0
2011-07-19 06:00:01,0.145669456067,0.236394856089,0,0.0,0.0,0.0
2011-07-19 07:00:01,0.0781401273885,0.854242768863,0,0.0,0.0,0.0
2011-07-19 08:00:01,0.126855670103,0.0,0,0.0,0.0,0.0
2011-07-19 09:00:01,0.13587628866,0.486955492701,0,0.0,0.0,0.0
2011-07-19 10:00:01,0.123628691983,0.0,0,0.0,0.0,0.0
2011-07-19 11:00:01,0.11277992278,0.255085381296,0,0.0,0.0,0.0
2011-07-19 12:00:01,0.108265306122,0.0388075763436,0,0.0,0.0,0.0
2011-07-19 13:00:01,0.101017964072,0.0,0,0.0,0.0,0.0
2011-07-19 14:00:01,0.119724310777,0.0198725545661,0,0.0,0.0,0.0
2011-07-19 15:00:01,0.105197740113,0.0,0,0.0,0.0,0.0
2011-07-19 16:00:01,0.104038997214,0.459433274122,0,0.0,0.0,0.0
2011-07-19 17:00:01,0.0876279650437,0.0,0,0.0,0.0,0.0
2011-07-19 18:00:01,0.0786526122823,0.266363351236,0,0.0,0.0,0.0
2011-07-19 19:00:01,0.0785493682733,0.22563732613,0,0.0,0.0,0.0
2011-07-19 20:00:01,0.0720879940343,0.137477669882,0,0.0,0.0,0.0
2011-07-19 21:00:01,0.069072079536,0.0797633063883,0,0.0,0.0,0.0
2011-07-19 22:00:01,0.0646453546454,0.412936191254,0,0.0,0.0,0.0
2011-07-19 23:00:01,0.0581058328322,0.434102474484,0,0.0,0.0,0.0
2011-07-20 00:00:01,0.0471131270011,0.352924333488,0,0.0,0.0,0.0
2011-07-20 01:00:01,0.0470863683663,0.0257979479989,0,0.0,0.0,0.0
2011-07-20 02:00:01,0.0441111667501,0.0,0,0.0,0.0,0.0
2011-07-20 03:00:01,0.0398035363458,0.284441590322,0,0.0,0.0,0.0
2011-07-20 04:00:01,0.0531552962298,0.147453924609,0,0.0,0.0,0.0
2011-07-20 05:00:01,0.0831355181577,0.576261947103,0,0.0,0.0,0.0
2011-07-20 06:00:01,0.0858263971463,0.0,0,0.0,0.0,0.0
2011-07-20 07:00:01,0.11486013986,0.287933438271,0,0.0,0.0,0.0
2011-07-20 08:00:01,0.140924092409,0.331840868295,0,0.0,0.0,0.0
2011-07-20 09:00:01,0.145905797101,0.0,0,0.0,0.0,0.0
2011-07-20 10:00:01,0.1198046875,0.0668917656371,0,0.0,0.0,0.0
2011-07-20 11:00:01,0.105261324042,0.0,0,0.0,0.0,0.0
2011-07-20 12:00:01,0.114985163205,0.427068801752,0,0.0,0.0,0.0
2011-07-20 13:00:01,0.12178807947,0.100668802414,0,0.0,0.0,0.0
2011-07-20 14:00:01,0.123,0.0,0,0.0,0.0,0.0
2011-07-20 15:00:01,0.101586666667,0.227988948795,0,0.0,0.0,0.0
2011-07-20 16:00:01,0.105029069767,0.255748931236,0,0.0,0.0,0.0
2011-07-20 17:00:01,0.0886812627291,0.0,0,0.0,0.0,0.0
2011-07-20 18:00:01,0.076380952381,0.0854836423653,0,0.0,0.0,0.0
2011-07-20 19:00:01,0.0720992028344,0.605545775246,0,0.0,0.0,0.0
2011-07-20 20:00:01,0.0846785486951,0.287858698943,0,0.0,0.0,0.0
2011-07-20 21:00:01,0.086369168357,0.000220644602243,0,0.0,0.0,0.0
2011-07-20 22:00:01,0.0858272208639,0.0,0,0.0,0.0,0.0
2011-07-20 23:00:01,0.0881660899654,0.283439947147,0,0.0,0.0,0.0
2011-07-21 00:00:01,0.0725509670674,0.430240067135,0,0.0,0.0,0.0
2011-07-21 01:00:01,0.0504150702427,0.610224737398,0,0.0,0.0,0.0
2011-07-21 02:00:01,0.0539956092206,0.0,0,0.0,0.0,0.0
2011-07-21 03:00:01,0.0498293891029,0.186596160148,0,0.0,0.0,0.0
2011-07-21 04:00:01,0.0638204456094,0.0265179300496,0,0.0,0.0,0.0
2011-07-21 06:00:01,0.0896588235294,0.324040271022,0,0.0,0.0,0.0
2011-07-21 07:00:01,0.0983348017621,0.0528958527627,0,0.0,0.0,0.0
2011-07-21 08:00:01,0.156194690265,0.0616181726031,0,0.0,0.0,0.0
2011-07-21 09:00:01,0.113283018868,0.201889694624,0,0.0,0.0,0.0
2011-07-21 10:00:01,0.121479289941,0.0,0,0.0,0.0,0.0
2011-07-21 11:00:01,0.117583333333,0.194487548948,0,0.0,0.0,0.0
2011-07-21 12:00:01,0.1255754858,0.125650137494,0,0.0,0.0,0.0
2011-07-21 13:00:01,0.125865237366,0.542925354704,0,0.0,0.0,0.0
2011-07-21 14:00:01,0.129348230912,0.0482631464936,0,0.0,0.0,0.0
2011-07-21 15:00:01,0.122638190955,0.363108065673,0,0.0,0.0,0.0
2011-07-21 16:00:01,0.102814070352,0.0373976212235,0,0.0,0.0,0.0
2011-07-21 17:00:01,0.08875,0.274429256608,0,0.0,0.0,0.0
2011-07-21 18:00:01,0.0884564740307,0.632936211255,0,0.0,0.0,0.0
2011-07-21 19:00:01,0.0861376146789,0.0592747989178,0,0.0,0.0,0.0
2011-07-21 20:00:01,0.0786027190332,0.544647922024,0,0.0,0.0,0.0
2011-07-21 21:00:01,0.0796965317919,0.0,0,0.0,0.0,0.0
2011-07-21 22:00:01,0.0731962761831,0.0,0,0.0,0.0,0.0
2011-07-21 23:00:01,0.0628108465608,0.211704843542,0,0.0,0.0,0.0
2011-07-22 00:00:01,0.057536,0.0,0,0.0,0.0,0.0
2011-07-22 01:00:01,0.0501960784314,0.0,0,0.0,0.0,0.0
2011-07-22 02:00:01,0.0441025641026,0.0,0,0.0,0.0,0.0
2011-07-22 03:00:01,0.0395596330275,0.0559840114727,0,0.0,0.0,0.0
2011-07-22 04:00:01,0.0612002152853,0.333841852307,0,0.0,0.0,0.0
2011-07-22 05:00:01,0.0658501208703,0.264465294082,0,0.0,0.0,0.0
2011-07-22 06:00:01,0.0704761904762,0.116523946915,0,0.0,0.0,0.0
2011-07-22 07:00:01,0.0902773497689,0.0606917458091,0,0.0,0.0,0.0
2011-07-22 08:00:01,0.123726708075,0.0,0,0.0,0.0,0.0
2011-07-22 09:00:01,0.125622119816,0.465444280711,0,0.0,0.0,0.0
2011-07-22 10:00:01,0.122831460674,0.213366649912,0,0.0,0.0,0.0
2011-07-22 11:00:01,0.10141955836,0.0,0,0.0,0.0,0.0
2011-07-22 12:00:01,0.114628820961,0.0,0,0.0,0.0,0.0
2011-07-22 13:00:01,0.125454545455,0.28644126546,0,0.0,0.0,0.0
2011-07-22 14:00:01,0.125721311475,0.0,0,0.0,0.0,0.0
2011-07-22 15:00:01,0.117919191919,0.414747106153,0,0.0,0.0,0.0
2011-07-22 16:00:01,0.108773784355,0.153824589869,0,0.0,0.0,0.0
2011-07-22 17:00:01,0.0938828202582,0.133185406918,0,0.0,0.0,0.0
2011-07-22 18:00:01,0.0868648648649,0.134100440323,0,0.0,0.0,0.0
2011-07-22 19:00:01,0.0619215686275,0.12132643802,0,0.0,0.0,0.0
2011-07-22 20:00:01,0.0658013245033,0.0,0,0.0,0.0,0.0
2011-07-22 21:00:01,0.0715577275504,0.047459408751,0,0.0,0.0,0.0
2011-07-22 22:00:01,0.071060197664,0.0,0,0.0,0.0,0.0
2011-07-22 23:00:01,0.0672566371681,0.519611321824,0,0.0,0.0,0.0
2011-07-23 00:00:01,0.0576546530393,0.17062582214,0,0.0,0.0,0.0
2011-07-23 01:00:01,0.0647784200385,0.26282843005,0,0.0,0.0,0.0
2011-07-23 02:00:01,0.0429639309984,0.399282216454,0,0.0,0.0,0.0
2011-07-23 03:00:01,0.0369493177388,0.0,0,0.0,0.0,0.0
2011-07-23 04:00:01,0.0667547633682,0.327072051447,0,0.0,0.0,0.0
2011-07-23 05:00:01,0.0781133671743,0.219470580316,0,0.0,0.0,0.0
2011-07-23 06:00:01,0.0569483101392,0.232271801491,0,0.0,0.0,0.0
2011-07-23 07:00:01,0.087599469496,0.0,0,0.0,0.0,0.0
2011-07-23 08:00:01,0.128206521739,0.127897149696,0,0.0,0.0,0.0
2011-07-23 09:00:01,0.123089770355,0.0,0,0.0,0.0,0.0
2011-07-23 10:00:01,0.110472222222,0.0,0,0.0,0.0,0.0
2011-07-23 11:00:01,0.118646616541,0.403264239372,0,0.0,0.0,0.0
2011-07-23 12:00:01,0.124588477366,0.0,0,0.0,0.0,0.0
2011-07-23 13:00:01,0.117697478992,0.0,0,0.0,0.0,0.0
2011-07-23 14:00:01,0.125595984944,0.0,0,0.0,0.0,0.0
2011-07-23 15:00:01,0.112482690406,0.0,0,0.0,0.0,0.0
2011-07-23 16:00:01,0.0839690301548,0.185067937687,0,0.0,0.0,0.0
2011-07-23 17:00:01,0.0694921583271,0.0,0,0.0,0.0,0.0
2011-07-23 18:00:01,0.0620277953253,0.0,0,0.0,0.0,0.0
2011-07-23 19:00:01,0.0605489260143,0.244166438301,0,0.0,0.0,0.0
2011-07-23 20:00:01,0.0551867219917,0.710842010486,0,0.0,0.0,0.0
2011-07-23 21:00:01,0.050596432553,0.0,0,0.0,0.0,0.0
2011-07-23 22:00:01,0.0578482513337,0.144525925412,0,0.0,0.0,0.0
2011-07-23 23:00:01,0.0493202416918,0.329030088612,0,0.0,0.0,0.0
2011-07-24 00:00:01,0.0517379958246,0.0262770955672,0,0.0,0.0,0.0
2011-07-24 01:00:01,0.0433963202387,0.171158290561,0,0.0,0.0,0.0
2011-07-24 02:00:01,0.0352476572959,0.50457482969,0,0.0,0.0,0.0
2011-07-24 03:00:01,0.029256302521,0.470976195997,0,0.0,0.0,0.0
2011-07-24 04:00:01,0.0570788614092,0.220692921536,0,0.0,0.0,0.0
2011-07-24 05:00:01,0.0647458628842,0.0,0,0.0,0.0,0.0
2011-07-24 06:00:01,0.0498529411765,0.0,0,0.0,0.0,0.0
2011-07-24 07:00:01,0.0787314017228,0.159433516471,0,0.0,0.0,0.0
2011-07-24 08:00:01,0.106375464684,0.0,0,0.0,0.0,0.0
2011-07-24 09:00:01,0.10786,0.0,0,0.0,0.0,0.0
2011-07-24 10:00:01,0.111375358166,0.0,0,0.0,0.0,0.0
2011-07-24 11:00:01,0.108213166144,0.293612424467,0,0.0,0.0,0.0
2011-07-24 12:00:01,0.104781144781,0.379416280697,0,0.0,0.0,0.0
2011-07-24 13:00:01,0.102242424242,0.0,0,0.0,0.0,0.0
2011-07-24 14:00:01,0.136987087518,0.0755047432425,0,0.0,0.0,0.0
2011-07-24 15:00:01,0.107728571429,0.0,0,0.0,0.0,0.0
2011-07-24 16:00:01,0.081749837978,0.351560095718,0,0.0,0.0,0.0
2011-07-24 17:00:01,0.0739983713355,0.0,0,0.0,0.0,0.0
2011-07-24 18:00:01,0.0703389830508,0.0,0,0.0,0.0,0.0
2011-07-24 19:00:01,0.0576832018038,0.0,0,0.0,0.0,0.0
2011-07-24 20:00:01,0.0548765432099,0.141708554565,0,0.0,0.0,0.0
2011-07-24 21:00:01,0.0514774417452,0.300621010176,0,0.0,0.0,0.0
2011-07-24 22:00:01,0.0539698492462,0.260283893999,0,0.0,0.0,0.0
2011-07-24 23:00:01,0.0497205284553,0.0,0,0.0,0.0,0.0
2011-07-25 00:00:01,0.0473873873874,0.23589036821,0,0.0,0.0,0.0
2011-07-25 01:00:01,0.0363285910968,0.326766459024,0,0.0,0.0,0.0
2011-07-25 02:00:01,0.0298359310911,0.0,0,0.0,0.0,0.0
2011-07-25 03:00:01,0.0268430335097,0.692587414175,0,0.0,0.0,0.0
2011-07-25 04:00:01,0.0470331753555,0.642156948636,0,0.0,0.0,0.0
2011-07-25 05:00:01,0.0762164750958,0.169645970364,0,0.0,0.0,0.0
2011-07-25 06:00:01,0.06735,0.0120012398518,0,0.0,0.0,0.0
2011-07-25 07:00:01,0.0817728055077,0.0,0,0.0,0.0,0.0
2011-07-25 08:00:01,0.135342465753,0.0,0,0.0,0.0,0.0
2011-07-25 09:00:01,0.10347107438,0.148087090748,0,0.0,0.0,0.0
2011-07-25 10:00:01,0.104528301887,0.416776190729,0,0.0,0.0,0.0
2011-07-25 11:00:01,0.110830188679,0.326774298767,0,0.0,0.0,0.0
2011-07-25 12:00:01,0.114666666667,0.103184515725,0,0.0,0.0,0.0
2011-07-25 13:00:01,0.115458715596,0.469631814278,0,0.0,0.0,0.0
2011-07-25 14:00:01,0.119266409266,0.0,0,0.0,0.0,0.0
2011-07-25 15:00:01,0.122647058824,0.0873515522105,0,0.0,0.0,0.0
2011-07-25 16:00:01,0.106795366795,0.334351975446,0,0.0,0.0,0.0
2011-07-25 17:00:01,0.0827593360996,0.0337615274237,0,0.0,0.0,0.0
2011-07-25 18:00:01,0.0724266144814,0.103844926575,0,0.0,0.0,0.0
2011-07-25 19:00:01,0.0713251879699,0.268649396692,0,0.0,0.0,0.0
2011-07-25 20:00:01,0.063962529274,0.390079968258,0,0.0,0.0,0.0
2011-07-25 21:00:01,0.0686650185414,0.299675930884,0,0.0,0.0,0.0
2011-07-25 22:00:01,0.0754482323232,0.689921958613,0,0.0,0.0,0.0
2011-07-25 23:00:01,0.0718975705844,0.0596537753362,0,0.0,0.0,0.0
2011-07-26 00:00:01,0.0666692015209,0.0251957493306,0,0.0,0.0,0.0
2011-07-26 01:00:01,0.0498381877023,0.0,0,0.0,0.0,0.0
2011-07-26 02:00:01,0.0471448352257,0.0,0,0.0,0.0,0.0
2011-07-26 03:00:01,0.041893349311,0.0,0,0.0,0.0,0.0
2011-07-26 04:00:01,0.0506090863704,0.0264942194212,0,0.0,0.0,0.0
2011-07-26 05:00:01,0.0692014971928,0.183727130049,0,0.0,0.0,0.0
2011-07-26 06:00:01,0.0692014971928,0.23105389671,0,0.0,0.0,0.0
2011-07-26 07:00:01,0.0724771838331,0.326933796502,0,0.0,0.0,0.0
2011-07-26 08:00:01,0.137659090909,0.291150458637,0,0.0,0.0,0.0
2011-07-26 09:00:01,0.110408805031,0.0,0,0.0,0.0,0.0
2011-07-26 10:00:01,0.115993589744,0.326320562775,0,0.0,0.0,0.0
2011-07-26 11:00:01,0.105376712329,0.434538573904,0,0.0,0.0,0.0
2011-07-26 12:00:01,0.109313432836,0.0,0,0.0,0.0,0.0
2011-07-26 13:00:01,0.0955578512397,0.190560051863,0,0.0,0.0,0.0
2011-07-26 14:00:01,0.115785498489,0.157980009526,0,0.0,0.0,0.0
2011-07-26 15:00:01,0.109773869347,0.0373067322399,0,0.0,0.0,0.0
2011-07-26 16:00:01,0.0816580756014,0.0,0,0.0,0.0,0.0
2011-07-26 17:00:01,0.0825984911987,0.0997475779051,0,0.0,0.0,0.0
2011-07-26 18:00:01,0.0901673640167,0.0,0,0.0,0.0,0.0
2011-07-26 19:00:01,0.0776923076923,0.0,0,0.0,0.0,0.0
2011-07-26 20:00:01,0.0674664224664,0.0,0,0.0,0.0,0.0
2011-07-26 21:00:01,0.0651013941698,0.0147121447352,0,0.0,0.0,0.0
2011-07-26 22:00:01,0.0701068376068,0.0,0,0.0,0.0,0.0
2011-07-26 23:00:01,0.0780705543557,0.303919606364,0,0.0,0.0,0.0
2011-07-27 00:00:01,0.0710584752036,0.0870385914873,0,0.0,0.0,0.0
2011-07-27 01:00:01,0.070609939759,0.107999327318,0,0.0,0.0,0.0
2011-07-27 02:00:01,0.0600668449198,0.0766335066989,0,0.0,0.0,0.0
2011-07-27 03:00:01,0.0437102272727,0.476519150347,0,0.0,0.0,0.0
2011-07-27 04:00:01,0.0566702470462,0.0,0,0.0,0.0,0.0
2011-07-27 05:00:01,0.10780075188,0.633482264385,0,0.0,0.0,0.0
2011-07-27 06:00:01,0.07596,0.335775697412,0,0.0,0.0,0.0
2011-07-27 07:00:01,0.0859259259259,0.287408443862,0,0.0,0.0,0.0
2011-07-27 08:00:01,0.124216589862,0.259688789783,0,0.0,0.0,0.0
2011-07-27 09:00:01,0.0986075949367,0.687000436085,0,0.0,0.0,0.0
2011-07-27 10:00:01,0.11397260274,0.303241810724,0,0.0,0.0,0.0
2011-07-27 11:00:01,0.118854625551,0.152386114454,0,0.0,0.0,0.0
2011-07-27 12:00:01,0.110099800399,0.0191882087934,0,0.0,0.0,0.0
2011-07-27 13:00:01,0.114842657343,0.0,0,0.0,0.0,0.0
2011-07-27 14:00:01,0.120839260313,0.0,0,0.0,0.0,0.0
2011-07-27 15:00:01,0.11123880597,0.27200181785,0,0.0,0.0,0.0
2011-07-27 16:00:01,0.10975257732,0.275168112631,0,0.0,0.0,0.0
2011-07-27 17:00:01,0.104363207547,0.23104739843,0,0.0,0.0,0.0
2011-07-27 18:00:01,0.0920824881677,0.0,0,0.0,0.0,0.0
2011-07-27 19:00:01,0.087886563133,0.538265569559,0,0.0,0.0,0.0
2011-07-27 20:00:01,0.0919845360825,0.114162633586,0,0.0,0.0,0.0
2011-07-27 21:00:01,0.0936326737697,0.0,0,0.0,0.0,0.0
2011-07-27 22:00:01,0.104090189873,0.0888090352774,0,0.0,0.0,0.0
2011-07-27 23:00:01,0.0873058082575,0.0400256560747,0,0.0,0.0,0.0
2011-07-28 00:00:01,0.078776328987,0.0531640643791,0,0.0,0.0,0.0
2011-07-28 01:00:01,0.0860120391272,0.0,0,0.0,0.0,0.0
2011-07-28 02:00:01,0.074702467344,0.0,0,0.0,0.0,0.0
2011-07-28 03:00:01,0.070370096225,0.294395359372,0,0.0,0.0,0.0
2011-07-28 04:00:01,0.0783658787256,0.0,0,0.0,0.0,0.0
2011-07-28 05:00:01,0.110487421384,0.507766269906,0,0.0,0.0,0.0
2011-07-28 06:00:01,0.0803856041131,0.000204592367393,0,0.0,0.0,0.0
2011-07-28 07:00:01,0.0619230769231,0.0,0,0.0,0.0,0.0
2011-07-28 08:00:01,0.1198,0.196988000798,0,0.0,0.0,0.0
2011-07-28 09:00:01,0.113601398601,0.100687848405,0,0.0,0.0,0.0
2011-07-28 10:00:01,0.124456824513,0.0,0,0.0,0.0,0.0
2011-07-28 11:00:01,0.107990074442,0.0,0,0.0,0.0,0.0
2011-07-28 12:00:01,0.10199488491,0.216091154477,0,0.0,0.0,0.0
2011-07-28 13:00:01,0.104290780142,0.0,0,0.0,0.0,0.0
2011-07-28 14:00:01,0.119104234528,0.219879130891,0,0.0,0.0,0.0
2011-07-28 15:00:01,0.118211206897,0.325102108909,0,0.0,0.0,0.0
2011-07-28 16:00:01,0.118211206897,0.000484906326822,0,0.0,0.0,0.0
2011-07-28 17:00:01,0.118211206897,0.0,0,0.0,0.0,0.0
2011-07-28 18:00:01,0.0885949110561,0.0,0,0.0,0.0,0.0
2011-07-28 19:00:01,0.0801347449471,0.153352395154,0,0.0,0.0,0.0
2011-07-28 20:00:01,0.0899249374479,0.192656008611,0,0.0,0.0,0.0
2011-07-28 21:00:01,0.0973896499239,0.131250449758,0,0.0,0.0,0.0
2011-07-28 22:00:01,0.0805698005698,0.135643352962,0,0.0,0.0,0.0
2011-07-28 23:00:01,0.073049074819,0.0,0,0.0,0.0,0.0
2011-07-29 00:00:01,0.0734753857458,0.435113690657,0,0.0,0.0,0.0
2011-07-29 01:00:01,0.0722496749025,0.358907516647,0,0.0,0.0,0.0
2011-07-29 02:00:01,0.0732498394348,0.0,0,0.0,0.0,0.0
2011-07-29 03:00:01,0.0676326129666,0.251697434116,0,0.0,0.0,0.0
2011-07-29 04:00:01,0.0724244415243,0.403243710049,0,0.0,0.0,0.0
2011-07-29 05:00:01,0.0896695821186,0.0,0,0.0,0.0,0.0
2011-07-29 06:00:01,0.0784363636364,0.0,0,0.0,0.0,0.0
2011-07-29 07:00:01,0.096213740458,0.00612298626555,0,0.0,0.0,0.0
2011-07-29 08:00:01,0.156112311015,0.0,0,0.0,0.0,0.0
2011-07-29 09:00:01,0.11890052356,0.241271611742,0,0.0,0.0,0.0
2011-07-29 10:00:01,0.132742857143,0.393525854954,0,0.0,0.0,0.0
2011-07-29 11:00:01,0.114931880109,0.0601392746994,0,0.0,0.0,0.0
2011-07-29 12:00:01,0.128949880668,0.121494555727,0,0.0,0.0,0.0
2011-07-29 13:00:01,0.122662807525,0.0,0,0.0,0.0,0.0
2011-07-29 14:00:01,0.117895953757,0.0,0,0.0,0.0,0.0
2011-07-29 15:00:01,0.113000987167,0.0816393138679,0,0.0,0.0,0.0
2011-07-29 16:00:01,0.0856885245902,0.0,0,0.0,0.0,0.0
2011-07-29 17:00:01,0.0841629711752,0.554483531611,0,0.0,0.0,0.0
2011-07-29 18:00:01,0.0767937701396,0.0,0,0.0,0.0,0.0
2011-07-29 19:00:01,0.0789443005181,0.223623747946,0,0.0,0.0,0.0
2011-07-29 20:00:01,0.0845344129555,0.298870648037,0,0.0,0.0,0.0
2011-07-29 21:00:01,0.0913032031593,0.000316301335915,0,0.0,0.0,0.0
2011-07-29 22:00:01,0.0925146689019,0.0,0,0.0,0.0,0.0
2011-07-29 23:00:01,0.101165644172,0.0466774384179,0,0.0,0.0,0.0
2011-07-30 00:00:01,0.0886551155116,0.222275616459,0,0.0,0.0,0.0
2011-07-30 01:00:01,0.0797572435395,0.133623216,0,0.0,0.0,0.0
2011-07-30 02:00:01,0.0728994544037,0.0,0,0.0,0.0,0.0
2011-07-30 03:00:01,0.0740775780511,0.0,0,0.0,0.0,0.0
2011-07-30 04:00:01,0.0722648238966,0.25555759757,0,0.0,0.0,0.0
2011-07-30 05:00:01,0.0683806818182,0.0387539817216,0,0.0,0.0,0.0
2011-07-30 06:00:01,0.0948214285714,0.0,0,0.0,0.0,0.0
2011-07-30 07:00:01,0.0938634046891,0.0,0,0.0,0.0,0.0
2011-07-30 08:00:01,0.130261437908,0.0267889065417,0,0.0,0.0,0.0
2011-07-30 09:00:01,0.111311827957,0.213806393363,0,0.0,0.0,0.0
2011-07-30 10:00:01,0.0984196891192,0.214180327029,0,0.0,0.0,0.0
2011-07-30 11:00:01,0.116709265176,0.0588879891292,0,0.0,0.0,0.0
2011-07-30 12:00:01,0.113532818533,0.0,0,0.0,0.0,0.0
2011-07-30 13:00:01,0.125555555556,0.0678716497143,0,0.0,0.0,0.0
2011-07-30 14:00:01,0.115386533666,0.246205317493,0,0.0,0.0,0.0
2011-07-30 15:00:01,0.1102342918,0.0,0,0.0,0.0,0.0
2011-07-30 16:00:01,0.0929906542056,0.182706334423,0,0.0,0.0,0.0
2011-07-30 17:00:01,0.0869395348837,0.30933090678,0,0.0,0.0,0.0
2011-07-30 18:00:01,0.0907490864799,0.0,0,0.0,0.0,0.0
2011-07-30 19:00:01,0.0838778311599,0.0,0,0.0,0.0,0.0
2011-07-30 20:00:01,0.0804285714286,0.159715553727,0,0.0,0.0,0.0
2011-07-30 21:00:01,0.0788680555556,0.386306325966,0,0.0,0.0,0.0
2011-07-30 22:00:01,0.0821278089888,0.0,0,0.0,0.0,0.0
2011-07-30 23:00:01,0.0842050520059,0.0,0,0.0,0.0,0.0
2011-07-31 00:00:01,0.080601387818,0.0,0,0.0,0.0,0.0
2011-07-31 01:00:01,0.0680497925311,0.0,0,0.0,0.0,0.0
2011-07-31 02:00:01,0.0631529726119,0.0,0,0.0,0.0,0.0
2011-07-31 03:00:01,0.0551472556894,0.068074024756,0,0.0,0.0,0.0
2011-07-31 04:00:01,0.0601333333333,0.023429953192,0,0.0,0.0,0.0
2011-07-31 05:00:01,0.0610477941176,0.0,0,0.0,0.0,0.0
2011-07-31 06:00:01,0.0709155429383,0.32912808825,0,0.0,0.0,0.0
2011-07-31 07:00:01,0.083761682243,0.0,0,0.0,0.0,0.0
2011-07-31 08:00:01,0.12181663837,0.0120985858035,0,0.0,0.0,0.0
2011-07-31 09:00:01,0.118093841642,0.0,0,0.0,0.0,0.0
2011-07-31 10:00:01,0.0936153846154,0.129969838531,0,0.0,0.0,0.0
2011-07-31 11:00:01,0.0994202898551,0.313692581129,0,0.0,0.0,0.0
2011-07-31 12:00:01,0.0964052287582,0.390904338874,0,0.0,0.0,0.0
2011-07-31 13:00:01,0.100709459459,0.207703277543,0,0.0,0.0,0.0
2011-07-31 14:00:01,0.115931034483,0.0,0,0.0,0.0,0.0
2011-07-31 15:00:01,0.105705329154,0.0621425384369,0,0.0,0.0,0.0
2011-07-31 16:00:01,0.103412969283,0.0,0,0.0,0.0,0.0
2011-07-31 17:00:01,0.0962058823529,0.0,0,0.0,0.0,0.0
2011-07-31 18:00:01,0.0869072948328,0.426589246,0,0.0,0.0,0.0
2011-07-31 19:00:01,0.0886683209264,0.317540344695,0,0.0,0.0,0.0
2011-07-31 20:00:01,0.0852365930599,0.0371662696365,0,0.0,0.0,0.0
2011-07-31 21:00:01,0.0830542986425,0.154092173833,0,0.0,0.0,0.0
2011-07-31 22:00:01,0.0863148788927,0.290409241016,0,0.0,0.0,0.0
2011-07-31 23:00:01,0.0808888888889,0.259333372686,0,0.0,0.0,0.0
2011-08-01 00:00:01,0.0844655929722,0.0,0,0.0,0.0,0.0
2011-08-01 01:00:01,0.0788088235294,0.360012461449,0,0.0,0.0,0.0
2011-08-01 02:00:01,0.0846559633028,0.0,0,0.0,0.0,0.0
2011-08-01 03:00:01,0.0568824940048,0.0,0,0.0,0.0,0.0
2011-08-01 04:00:01,0.0727328714396,0.0,0,0.0,0.0,0.0
2011-08-01 05:00:01,0.0826939471441,0.13806657918,0,0.0,0.0,0.0
2011-08-01 06:00:01,0.084090382387,0.092395360974,0,0.0,0.0,0.0
2011-08-01 07:00:01,0.0908172362556,0.0,0,0.0,0.0,0.0
2011-08-01 08:00:01,0.135628865979,0.200190269607,0,0.0,0.0,0.0
2011-08-01 09:00:01,0.125981308411,0.46231823255,0,0.0,0.0,0.0
2011-08-01 10:00:01,0.121021505376,0.269313787065,0,0.0,0.0,0.0
2011-08-01 11:00:01,0.127050147493,0.0,0,0.0,0.0,0.0
2011-08-01 12:00:01,0.105648854962,0.414651564257,0,0.0,0.0,0.0
2011-08-01 13:00:01,0.111731748727,0.0732996436812,0,0.0,0.0,0.0
2011-08-01 14:00:01,0.11498392283,0.0,0,0.0,0.0,0.0
2011-08-01 15:00:01,0.112511415525,0.376062884129,0,0.0,0.0,0.0
2011-08-01 16:00:01,0.0994946808511,0.0508529480435,0,0.0,0.0,0.0
2011-08-01 17:00:01,0.106244665718,0.529903742093,0,0.0,0.0,0.0
2011-08-01 18:00:01,0.0854833424358,0.252421193375,0,0.0,0.0,0.0
2011-08-01 19:00:01,0.0872797427653,0.106157704103,0,0.0,0.0,0.0
2011-08-01 20:00:01,0.0819312169312,0.0212756187556,0,0.0,0.0,0.0
2011-08-01 21:00:01,0.0881,0.0,0,0.0,0.0,0.0
2011-08-01 22:00:01,0.0955753337572,0.083411985559,0,0.0,0.0,0.0
2011-08-01 23:00:01,0.0987902592302,0.0,0,0.0,0.0,0.0
2011-08-02 00:00:01,0.0889931350114,0.412537381944,0,0.0,0.0,0.0
2011-08-02 01:00:01,0.084732061762,0.322367322235,0,0.0,0.0,0.0
2011-08-02 02:00:01,0.0879424920128,0.0,0,0.0,0.0,0.0
2011-08-02 03:00:01,0.0664155251142,0.387957442045,0,0.0,0.0,0.0
2011-08-02 04:00:01,0.0831809145129,0.421926284952,0,0.0,0.0,0.0
2011-08-02 05:00:01,0.0926953125,0.305607607469,0,0.0,0.0,0.0
2011-08-02 06:00:01,0.0890781796966,0.259419048791,0,0.0,0.0,0.0
2011-08-02 07:00:01,0.116447166922,0.0178111145892,0,0.0,0.0,0.0
2011-08-02 08:00:01,0.150505050505,0.00847115973567,0,0.0,0.0,0.0
2011-08-02 09:00:01,0.120997442455,0.201950034005,0,0.0,0.0,0.0
2011-08-02 10:00:01,0.12171641791,0.161019111226,0,0.0,0.0,0.0
2011-08-02 11:00:01,0.13024691358,0.512265403992,0,0.0,0.0,0.0
2011-08-02 12:00:01,0.12217032967,0.0,0,0.0,0.0,0.0
2011-08-02 13:00:01,0.120845070423,0.0,0,0.0,0.0,0.0
2011-08-02 14:00:01,0.137652671756,0.498861485641,0,0.0,0.0,0.0
2011-08-02 15:00:01,0.124419354839,0.0807501569049,0,0.0,0.0,0.0
2011-08-02 16:00:01,0.119978448276,0.127939683665,0,0.0,0.0,0.0
2011-08-02 17:00:01,0.102033898305,0.301940604719,0,0.0,0.0,0.0
2011-08-02 18:00:01,0.0973706896552,0.0,0,0.0,0.0,0.0
2011-08-02 19:00:01,0.0990192791282,0.26969919614,0,0.0,0.0,0.0
2011-08-02 20:00:01,0.104033546326,0.163078347765,0,0.0,0.0,0.0
2011-08-02 21:00:01,0.103341483293,0.240556596287,0,0.0,0.0,0.0
2011-08-02 22:00:01,0.104043126685,0.0,0,0.0,0.0,0.0
2011-08-02 23:00:01,0.0923657817109,0.0,0,0.0,0.0,0.0
2011-08-03 00:00:01,0.0908755364807,0.332296568437,0,0.0,0.0,0.0
2011-08-03 01:00:01,0.0832804614275,0.0116257456982,0,0.0,0.0,0.0
2011-08-03 02:00:01,0.0718162983425,0.0,0,0.0,0.0,0.0
2011-08-03 03:00:01,0.0641237113402,0.0778100995135,0,0.0,0.0,0.0
2011-08-03 04:00:01,0.0730695970696,0.186397669908,0,0.0,0.0,0.0
2011-08-03 05:00:01,0.0877640203933,0.386326030199,0,0.0,0.0,0.0
2011-08-03 06:00:01,0.0793930348259,0.0,0,0.0,0.0,0.0
2011-08-03 07:00:01,0.113240310078,0.10615629405,0,0.0,0.0,0.0
2011-08-03 08:00:01,0.135289079229,0.0387814608887,0,0.0,0.0,0.0
2011-08-03 09:00:01,0.140438596491,0.39562439385,0,0.0,0.0,0.0
2011-08-03 10:00:01,0.132291262136,0.158907346423,0,0.0,0.0,0.0
2011-08-03 11:00:01,0.0986138613861,0.0,0,0.0,0.0,0.0
2011-08-03 12:00:01,0.107055702918,0.0095204310664,0,0.0,0.0,0.0
2011-08-03 13:00:01,0.122393320965,0.0,0,0.0,0.0,0.0
2011-08-03 14:00:01,0.118733974359,0.223689633678,0,0.0,0.0,0.0
2011-08-03 15:00:01,0.131208333333,0.107796078231,0,0.0,0.0,0.0
2011-08-03 16:00:01,0.120161137441,0.415158985455,0,0.0,0.0,0.0
2011-08-03 17:00:01,0.102637465051,0.0,0,0.0,0.0,0.0
2011-08-03 18:00:01,0.0927382875606,0.458980995415,0,0.0,0.0,0.0
2011-08-03 19:00:01,0.110486641221,0.137100063834,0,0.0,0.0,0.0
2011-08-03 20:00:01,0.0917786561265,0.14292506939,0,0.0,0.0,0.0
2011-08-03 21:00:01,0.0896810631229,0.0,0,0.0,0.0,0.0
2011-08-03 22:00:01,0.0854006586169,0.287225872852,0,0.0,0.0,0.0
2011-08-03 23:00:01,0.0681545998911,0.610933979896,0,0.0,0.0,0.0
2011-08-04 00:00:01,0.0555156537753,0.0,0,0.0,0.0,0.0
2011-08-04 01:00:01,0.0530039700044,0.0,0,0.0,0.0,0.0
2011-08-04 02:00:01,0.0474216027875,0.0,0,0.0,0.0,0.0
2011-08-04 03:00:01,0.0435638051044,0.0,0,0.0,0.0,0.0
2011-08-04 04:00:01,0.0628515815085,0.219870130579,0,0.0,0.0,0.0
2011-08-04 05:00:01,0.0907293354943,0.0,0,0.0,0.0,0.0
2011-08-04 06:00:01,0.079404641776,0.0,0,0.0,0.0,0.0
2011-08-04 07:00:01,0.124388254486,0.0,0,0.0,0.0,0.0
2011-08-04 08:00:01,0.192708333333,0.462576691415,0,0.0,0.0,0.0
2011-08-04 09:00:01,0.155310880829,0.0,0,0.0,0.0,0.0
2011-08-04 10:00:01,0.11597826087,0.00233001838187,0,0.0,0.0,0.0
2011-08-04 11:00:01,0.122092307692,0.0,0,0.0,0.0,0.0
2011-08-04 12:00:01,0.118666666667,0.0160685958651,0,0.0,0.0,0.0
2011-08-04 13:00:01,0.114611398964,0.321292886523,0,0.0,0.0,0.0
2011-08-04 14:00:01,0.11694980695,0.0,0,0.0,0.0,0.0
2011-08-04 15:00:01,0.111554663992,0.0,0,0.0,0.0,0.0
2011-08-04 16:00:01,0.117184466019,0.0347812821752,0,0.0,0.0,0.0
2011-08-04 17:00:01,0.107725080386,0.184483248882,0,0.0,0.0,0.0
2011-08-04 18:00:01,0.0907093292213,0.355238468985,0,0.0,0.0,0.0
2011-08-04 19:00:01,0.0940831074977,0.104573192714,0,0.0,0.0,0.0
2011-08-04 20:00:01,0.0903178991016,0.154391493892,0,0.0,0.0,0.0
2011-08-04 21:00:01,0.0942023346304,0.0780127051604,0,0.0,0.0,0.0
2011-08-04 22:00:01,0.0980128548473,0.0,0,0.0,0.0,0.0
2011-08-04 23:00:01,0.0961186903138,0.0808898253066,0,0.0,0.0,0.0
2011-08-05 00:00:01,0.083626707132,0.1551015946,0,0.0,0.0,0.0
2011-08-05 01:00:01,0.0662049335863,0.0,0,0.0,0.0,0.0
2011-08-05 02:00:01,0.0627621483376,0.36213219305,0,0.0,0.0,0.0
2011-08-05 03:00:01,0.0654652071931,0.0,0,0.0,0.0,0.0
2011-08-05 04:00:01,0.0682556591212,0.0444048868557,0,0.0,0.0,0.0
2011-08-05 05:00:01,0.108736462094,0.0,0,0.0,0.0,0.0
2011-08-05 06:00:01,0.0956589147287,0.0621117415149,0,0.0,0.0,0.0
2011-08-05 07:00:01,0.121594684385,0.013142524778,0,0.0,0.0,0.0
2011-08-05 08:00:01,0.169946808511,0.0,0,0.0,0.0,0.0
2011-08-05 09:00:01,0.138291925466,0.591159413995,0,0.0,0.0,0.0
2011-08-05 10:00:01,0.122438162544,0.456275004011,0,0.0,0.0,0.0
2011-08-05 11:00:01,0.124915730337,0.306862539513,0,0.0,0.0,0.0
2011-08-05 12:00:01,0.103655172414,0.292345436179,0,0.0,0.0,0.0
2011-08-05 13:00:01,0.120434782609,0.0844705296188,0,0.0,0.0,0.0
2011-08-05 14:00:01,0.127615384615,0.0,0,0.0,0.0,0.0
2011-08-05 15:00:01,0.116647398844,0.0,0,0.0,0.0,0.0
2011-08-05 16:00:01,0.119007470651,0.0480963224642,0,0.0,0.0,0.0
2011-08-05 17:00:01,0.123242753623,0.19414296347,0,0.0,0.0,0.0
2011-08-05 18:00:01,0.10378812199,0.0,0,0.0,0.0,0.0
2011-08-05 19:00:01,0.103911671924,0.149383711434,0,0.0,0.0,0.0
2011-08-05 20:00:01,0.1031834404,0.0,0,0.0,0.0,0.0
2011-08-05 21:00:01,0.0813955342903,0.0,0,0.0,0.0,0.0
2011-08-05 22:00:01,0.0997409326425,0.0179848427961,0,0.0,0.0,0.0
2011-08-05 23:00:01,0.0937476808905,0.154210315833,0,0.0,0.0,0.0
2011-08-06 00:00:01,0.0944382022472,0.0,0,0.0,0.0,0.0
2011-08-06 01:00:01,0.0806839452844,0.0818634075297,0,0.0,0.0,0.0
2011-08-06 02:00:01,0.0811759868421,0.237812884418,0,0.0,0.0,0.0
2011-08-06 03:00:01,0.079875,0.0,0,0.0,0.0,0.0
2011-08-06 04:00:01,0.101463607595,0.285178655819,0,0.0,0.0,0.0
2011-08-06 05:00:01,0.0946192528736,0.0364347637242,0,0.0,0.0,0.0
2011-08-06 06:00:01,0.103779385172,0.0,0,0.0,0.0,0.0
2011-08-06 07:00:01,0.131770833333,0.275617808714,0,0.0,0.0,0.0
2011-08-06 08:00:01,0.164243902439,0.282337957505,0,0.0,0.0,0.0
2011-08-06 09:00:01,0.114065420561,0.698284898727,0,0.0,0.0,0.0
2011-08-06 10:00:01,0.097802690583,0.0,0,0.0,0.0,0.0
2011-08-06 11:00:01,0.118575418994,0.164564235389,0,0.0,0.0,0.0
2011-08-06 12:00:01,0.144545454545,0.142955236097,0,0.0,0.0,0.0
2011-08-06 13:00:01,0.115585106383,0.204460850636,0,0.0,0.0,0.0
2011-08-06 14:00:01,0.138979865772,0.24959421902,0,0.0,0.0,0.0
2011-08-06 15:00:01,0.117599277978,0.442414404768,0,0.0,0.0,0.0
2011-08-06 16:00:01,0.127989556136,0.534512009674,0,0.0,0.0,0.0
2011-08-06 17:00:01,0.11869047619,0.368665374963,0,0.0,0.0,0.0
2011-08-06 18:00:01,0.112857142857,0.212978188077,0,0.0,0.0,0.0
2011-08-06 19:00:01,0.104221105528,0.0,0,0.0,0.0,0.0
2011-08-06 20:00:01,0.110081300813,0.0891662158059,0,0.0,0.0,0.0
2011-08-06 21:00:01,0.109489795918,0.0,0,0.0,0.0,0.0
2011-08-06 22:00:01,0.132456320658,0.0,0,0.0,0.0,0.0
2011-08-06 23:00:01,0.112317198764,0.0043731613359,0,0.0,0.0,0.0
2011-08-07 00:00:01,0.0978862793572,0.288158689999,0,0.0,0.0,0.0
2011-08-07 01:00:01,0.0939727126806,0.257808682033,0,0.0,0.0,0.0
2011-08-07 02:00:01,0.0917095777549,0.152343627919,0,0.0,0.0,0.0
2011-08-07 03:00:01,0.08609375,0.345137086037,0,0.0,0.0,0.0
2011-08-07 04:00:01,0.0917391304348,0.473353619084,0,0.0,0.0,0.0
2011-08-07 05:00:01,0.0846818181818,0.226298598291,0,0.0,0.0,0.0
2011-08-07 06:00:01,0.0921988950276,0.0,0,0.0,0.0,0.0
2011-08-07 07:00:01,0.137547169811,0.0475567186979,0,0.0,0.0,0.0
2011-08-07 08:00:01,0.194764957265,0.170454915417,0,0.0,0.0,0.0
2011-08-07 09:00:01,0.137314578005,0.561181466025,0,0.0,0.0,0.0
2011-08-07 10:00:01,0.123309178744,0.362188638116,0,0.0,0.0,0.0
2011-08-07 11:00:01,0.101875,0.298212440147,0,0.0,0.0,0.0
2011-08-07 12:00:01,0.113897810219,0.0,0,0.0,0.0,0.0
2011-08-07 13:00:01,0.123737541528,0.2386046421,0,0.0,0.0,0.0
2011-08-07 14:00:01,0.125498533724,0.0,0,0.0,0.0,0.0
2011-08-07 15:00:01,0.124308390023,0.540391809548,0,0.0,0.0,0.0
2011-08-07 16:00:01,0.107933014354,0.0,0,0.0,0.0,0.0
2011-08-07 17:00:01,0.114069050555,0.420913582144,0,0.0,0.0,0.0
2011-08-07 18:00:01,0.114200260078,0.582251355398,0,0.0,0.0,0.0
2011-08-07 19:00:01,0.115863921218,0.00409255619992,0,0.0,0.0,0.0
2011-08-07 20:00:01,0.132262016965,0.174040470277,0,0.0,0.0,0.0
2011-08-07 21:00:01,0.0852321428571,0.615587830651,0,0.0,0.0,0.0
2011-08-07 22:00:01,0.085404040404,0.0324720038955,0,0.0,0.0,0.0
2011-08-07 23:00:01,0.0957723577236,0.0,0,0.0,0.0,0.0
2011-08-08 00:00:01,0.0809021406728,0.0,0,0.0,0.0,0.0
2011-08-08 01:00:01,0.0813665086888,0.0,0,0.0,0.0,0.0
2011-08-08 02:00:01,0.0686845549738,0.0647348692631,0,0.0,0.0,0.0
2011-08-08 03:00:01,0.06375,0.210766004522,0,0.0,0.0,0.0
2011-08-08 04:00:01,0.0718086419753,0.0,0,0.0,0.0,0.0
2011-08-08 05:00:01,0.0990780141844,0.385803354186,0,0.0,0.0,0.0
2011-08-08 06:00:01,0.101891891892,0.21135383911,0,0.0,0.0,0.0
2011-08-08 07:00:01,0.131940594059,0.0,0,0.0,0.0,0.0
2011-08-08 08:00:01,0.198534031414,0.0,0,0.0,0.0,0.0
2011-08-08 09:00:01,0.131197411003,0.365589263075,0,0.0,0.0,0.0
2011-08-08 10:00:01,0.135933333333,0.0292594156949,0,0.0,0.0,0.0
2011-08-08 11:00:01,0.137407407407,0.0,0,0.0,0.0,0.0
2011-08-08 12:00:01,0.135081081081,0.0,0,0.0,0.0,0.0
2011-08-08 13:00:01,0.127449799197,0.129934760057,0,0.0,0.0,0.0
2011-08-08 14:00:01,0.134806547619,0.0754529737319,0,0.0,0.0,0.0
2011-08-08 15:00:01,0.146736292428,0.0,0,0.0,0.0,0.0
2011-08-08 16:00:01,0.140640732265,0.0999409414482,0,0.0,0.0,0.0
2011-08-08 17:00:01,0.124901639344,0.252593427724,0,0.0,0.0,0.0
2011-08-08 19:00:01,0.107754940711,0.46057481198,0,0.0,0.0,0.0
2011-08-08 20:00:01,0.0973099801718,0.260506153279,0,0.0,0.0,0.0
2011-08-08 21:00:01,0.105857445307,0.0,0,0.0,0.0,0.0
2011-08-08 22:00:01,0.104513274336,0.0496373176022,0,0.0,0.0,0.0
2011-08-08 23:00:01,0.0998374558304,0.0722929608161,0,0.0,0.0,0.0
2011-08-09 00:00:01,0.0816804822909,0.0,0,0.0,0.0,0.0
2011-08-09 01:00:01,0.0678761061947,0.327816156434,0,0.0,0.0,0.0
2011-08-09 02:00:01,0.0752766639936,0.111454243387,0,0.0,0.0,0.0
2011-08-09 03:00:01,0.0670263591433,0.0,0,0.0,0.0,0.0
2011-08-09 04:00:01,0.079624920534,0.217305864345,0,0.0,0.0,0.0
2011-08-09 05:00:01,0.088817264574,0.134251553727,0,0.0,0.0,0.0
2011-08-09 06:00:01,0.0894524119948,0.185896377174,0,0.0,0.0,0.0
2011-08-09 07:00:01,0.110949913644,0.323196082775,0,0.0,0.0,0.0
2011-08-09 08:00:01,0.184171428571,0.364182921443,0,0.0,0.0,0.0
2011-08-09 09:00:01,0.126060606061,0.0,0,0.0,0.0,0.0
2011-08-09 10:00:01,0.122429022082,0.102370633369,0,0.0,0.0,0.0
2011-08-09 11:00:01,0.113667711599,0.284223451852,0,0.0,0.0,0.0
2011-08-09 12:00:01,0.12118902439,0.13322798517,0,0.0,0.0,0.0
2011-08-09 13:00:01,0.120177304965,0.0,0,0.0,0.0,0.0
2011-08-09 14:00:01,0.126299212598,0.0,0,0.0,0.0,0.0
2011-08-09 15:00:01,0.160228136882,0.0,0,0.0,0.0,0.0
2011-08-09 16:00:01,0.130101180438,0.11761515121,0,0.0,0.0,0.0
2011-08-09 17:00:01,0.132857142857,0.160409037943,0,0.0,0.0,0.0
2011-08-09 18:00:01,0.106023657871,0.30065295111,0,0.0,0.0,0.0
2011-08-09 19:00:01,0.109564902103,0.165701521696,0,0.0,0.0,0.0
2011-08-09 20:00:01,0.112048293089,0.0,0,0.0,0.0,0.0
2011-08-09 21:00:01,0.109079847909,0.0,0,0.0,0.0,0.0
2011-08-09 22:00:01,0.108366935484,0.0202442937804,0,0.0,0.0,0.0
2011-08-09 23:00:01,0.0944126738794,0.0,0,0.0,0.0,0.0
2011-08-10 00:00:01,0.0868382352941,0.222866841388,0,0.0,0.0,0.0
2011-08-10 01:00:01,0.0871462264151,0.504969266342,0,0.0,0.0,0.0
2011-08-10 02:00:01,0.0835324107793,0.167634815698,0,0.0,0.0,0.0
2011-08-10 03:00:01,0.0797773654917,0.261300070415,0,0.0,0.0,0.0
2011-08-10 04:00:01,0.0870853573907,0.0,0,0.0,0.0,0.0
2011-08-10 05:00:01,0.107430962343,0.0123220307941,0,0.0,0.0,0.0
2011-08-10 06:00:01,0.103407572383,0.0,0,0.0,0.0,0.0
2011-08-10 07:00:01,0.131053763441,0.0,0,0.0,0.0,0.0
2011-08-10 08:00:01,0.149262820513,0.286252902966,0,0.0,0.0,0.0
2011-08-10 09:00:01,0.149195804196,0.440871187516,0,0.0,0.0,0.0
2011-08-10 10:00:01,0.116387096774,0.0981698941785,0,0.0,0.0,0.0
2011-08-10 11:00:01,0.133109243697,0.0,0,0.0,0.0,0.0
2011-08-10 12:00:01,0.113486973948,0.0,0,0.0,0.0,0.0
2011-08-10 13:00:01,0.134677419355,0.0,0,0.0,0.0,0.0
2011-08-10 14:00:01,0.13365159129,0.116622786011,0,0.0,0.0,0.0
2011-08-10 15:00:01,0.162853025937,0.177626723259,0,0.0,0.0,0.0
2011-08-10 17:00:01,0.129087837838,0.267557039281,0,0.0,0.0,0.0
2011-08-10 18:00:01,0.129151061174,0.653272929101,0,0.0,0.0,0.0
2011-08-10 19:00:01,0.0959275452842,0.0,0,0.0,0.0,0.0
2011-08-10 20:00:01,0.120016652789,0.0,0,0.0,0.0,0.0
2011-08-10 21:00:01,0.139963099631,0.597689677612,0,0.0,0.0,0.0
2011-08-10 22:00:01,0.1335,0.0,0,0.0,0.0,0.0
2011-08-10 23:00:01,0.11544,0.0,0,0.0,0.0,0.0
2011-08-11 00:00:01,0.0934608208955,0.276725357412,0,0.0,0.0,0.0
2011-08-11 01:00:01,0.100648648649,0.0,0,0.0,0.0,0.0
2011-08-11 02:00:01,0.0751342281879,0.351747362924,0,0.0,0.0,0.0
2011-08-11 03:00:01,0.0717509481669,0.0,0,0.0,0.0,0.0
2011-08-11 04:00:01,0.0848198198198,0.0,0,0.0,0.0,0.0
2011-08-11 05:00:01,0.0985912823752,0.0,0,0.0,0.0,0.0
2011-08-11 06:00:01,0.111722365039,0.23305990574,0,0.0,0.0,0.0
2011-08-11 07:00:01,0.144885931559,0.408301913443,0,0.0,0.0,0.0
2011-08-11 08:00:01,0.158951310861,0.141600852049,0,0.0,0.0,0.0
2011-08-11 09:00:01,0.168668341709,0.211939244928,0,0.0,0.0,0.0
2011-08-11 10:00:01,0.153682170543,0.27064184944,0,0.0,0.0,0.0
2011-08-11 11:00:01,0.12256281407,0.0,0,0.0,0.0,0.0
2011-08-11 12:00:01,0.151400437637,0.0,0,0.0,0.0,0.0
2011-08-11 13:00:01,0.136942675159,0.0,0,0.0,0.0,0.0
2011-08-11 14:00:01,0.129286498353,0.0863218310965,0,0.0,0.0,0.0
2011-08-11 15:00:01,0.116570477248,0.0,0,0.0,0.0,0.0
2011-08-11 16:00:01,0.100236486486,0.326624375093,0,0.0,0.0,0.0
2011-08-11 17:00:01,0.132017857143,0.0,0,0.0,0.0,0.0
2011-08-11 18:00:01,0.121481481481,0.357259116246,0,0.0,0.0,0.0
2011-08-11 19:00:01,0.117148626817,0.161715044153,0,0.0,0.0,0.0
2011-08-11 20:00:01,0.0993429158111,0.312013040702,0,0.0,0.0,0.0
2011-08-11 21:00:01,0.0867046718576,0.102615086987,0,0.0,0.0,0.0
2011-08-11 22:00:01,0.101101137044,0.333063477997,0,0.0,0.0,0.0
2011-08-11 23:00:01,0.0985993485342,0.1468976514,0,0.0,0.0,0.0
2011-08-12 00:00:01,0.0790524534687,0.0,0,0.0,0.0,0.0
2011-08-12 01:00:01,0.0890992767916,0.0,0,0.0,0.0,0.0
2011-08-12 02:00:01,0.0801247537754,0.0472984618976,0,0.0,0.0,0.0
2011-08-12 03:00:01,0.0816735112936,0.0822184251635,0,0.0,0.0,0.0
2011-08-12 04:00:01,0.108480420807,0.248205300857,0,0.0,0.0,0.0
2011-08-12 05:00:01,0.123552123552,0.0,0,0.0,0.0,0.0
2011-08-12 06:00:01,0.123780864198,0.208444123747,0,0.0,0.0,0.0
2011-08-12 07:00:01,0.154623955432,0.232229962188,0,0.0,0.0,0.0
2011-08-12 08:00:01,0.218536121673,0.201604012764,0,0.0,0.0,0.0
2011-08-12 09:00:01,0.174148148148,0.0,0,0.0,0.0,0.0
2011-08-12 10:00:01,0.139515151515,0.0,0,0.0,0.0,0.0
2011-08-12 11:00:01,0.144714714715,0.298738077128,0,0.0,0.0,0.0
2011-08-12 12:00:01,0.130277777778,0.184743078055,0,0.0,0.0,0.0
2011-08-12 13:00:01,0.164316831683,0.0,0,0.0,0.0,0.0
2011-08-12 14:00:01,0.146094364351,0.0,0,0.0,0.0,0.0
2011-08-12 15:00:01,0.15875491481,0.0,0,0.0,0.0,0.0
2011-08-12 16:00:01,0.137076271186,0.0484189541809,0,0.0,0.0,0.0
2011-08-12 17:00:01,0.117378723404,0.371019365278,0,0.0,0.0,0.0
2011-08-12 18:00:01,0.112778702163,0.178882605698,0,0.0,0.0,0.0
2011-08-12 19:00:01,0.140034423408,0.0,0,0.0,0.0,0.0
2011-08-12 20:00:01,0.127083333333,0.497090876662,0,0.0,0.0,0.0
2011-08-12 21:00:01,0.103282647585,0.54045946304,0,0.0,0.0,0.0
2011-08-12 22:00:01,0.0950205930807,0.0,0,0.0,0.0,0.0
2011-08-12 23:00:01,0.114839491217,0.0507470626738,0,0.0,0.0,0.0
2011-08-13 00:00:01,0.111620400258,0.179447495899,0,0.0,0.0,0.0
2011-08-13 01:00:01,0.115210150674,0.0,0,0.0,0.0,0.0
2011-08-13 02:00:01,0.0884778292522,0.0,0,0.0,0.0,0.0
2011-08-13 03:00:01,0.0781188118812,0.0,0,0.0,0.0,0.0
2011-08-13 04:00:01,0.0926106770833,0.459279278854,0,0.0,0.0,0.0
2011-08-13 05:00:01,0.105254452926,0.232284130431,0,0.0,0.0,0.0
2011-08-13 06:00:01,0.147014084507,0.31797604326,0,0.0,0.0,0.0
2011-08-13 07:00:01,0.184960526316,0.496243184411,0,0.0,0.0,0.0
2011-08-13 08:00:01,0.200205338809,0.465159787651,0,0.0,0.0,0.0
2011-08-13 09:00:01,0.16768707483,0.440991250458,0,0.0,0.0,0.0
2011-08-13 10:00:01,0.143217158177,0.628003287937,0,0.0,0.0,0.0
2011-08-13 11:00:01,0.128606965174,0.0277171325833,0,0.0,0.0,0.0
2011-08-13 12:00:01,0.176341463415,0.168647225895,0,0.0,0.0,0.0
2011-08-13 13:00:01,0.190699844479,0.0,0,0.0,0.0,0.0
2011-08-13 14:00:01,0.207095490716,0.135329907235,0,0.0,0.0,0.0
2011-08-13 15:00:01,0.170642303433,0.192376333663,0,0.0,0.0,0.0
2011-08-13 16:00:01,0.166080956762,0.3963251267,0,0.0,0.0,0.0
2011-08-13 17:00:01,0.140209339775,0.354450413492,0,0.0,0.0,0.0
2011-08-13 18:00:01,0.121964285714,0.302962699114,0,0.0,0.0,0.0
2011-08-13 19:00:01,0.121059288538,0.0,0,0.0,0.0,0.0
2011-08-13 20:00:01,0.111311258278,0.0,0,0.0,0.0,0.0
2011-08-13 21:00:01,0.105853485064,0.0454150533207,0,0.0,0.0,0.0
2011-08-13 22:00:01,0.0939015904573,0.56022312426,0,0.0,0.0,0.0
2011-08-13 23:00:01,0.0974674220963,0.0,0,0.0,0.0,0.0
2011-08-14 00:00:01,0.103974603175,0.0,0,0.0,0.0,0.0
2011-08-14 01:00:01,0.100102880658,0.256106557514,0,0.0,0.0,0.0
2011-08-14 02:00:01,0.0934496124031,0.0,0,0.0,0.0,0.0
2011-08-14 03:00:01,0.0931725768322,0.273616496474,0,0.0,0.0,0.0
2011-08-14 04:00:01,0.101034282394,0.0,0,0.0,0.0,0.0
2011-08-14 05:00:01,0.123640988372,0.362859906758,0,0.0,0.0,0.0
2011-08-14 06:00:01,0.168444444444,0.0449837059687,0,0.0,0.0,0.0
2011-08-14 07:00:01,0.191602465331,0.435889153725,0,0.0,0.0,0.0
2011-08-14 08:00:01,0.177750556793,0.574964993214,0,0.0,0.0,0.0
2011-08-14 09:00:01,0.13620596206,0.199606001689,0,0.0,0.0,0.0
2011-08-14 10:00:01,0.131743486974,0.569705421857,0,0.0,0.0,0.0
2011-08-14 11:00:01,0.1367003367,0.0,0,0.0,0.0,0.0
2011-08-14 12:00:01,0.135974499089,0.150414076066,0,0.0,0.0,0.0
2011-08-14 13:00:01,0.153161875946,0.0929126413091,0,0.0,0.0,0.0
2011-08-14 14:00:01,0.176701183432,0.436975365482,0,0.0,0.0,0.0
2011-08-14 15:00:01,0.149260739261,0.350369040608,0,0.0,0.0,0.0
2011-08-14 16:00:01,0.140222793488,0.0,0,0.0,0.0,0.0
2011-08-14 17:00:01,0.123384879725,0.0,0,0.0,0.0,0.0
2011-08-14 18:00:01,0.113982056591,0.0,0,0.0,0.0,0.0
2011-08-14 19:00:01,0.102060857538,0.372996758277,0,0.0,0.0,0.0
2011-08-14 20:00:01,0.0899290780142,0.527794838407,0,0.0,0.0,0.0
2011-08-14 21:00:01,0.1030813618,0.0,0,0.0,0.0,0.0
2011-08-14 22:00:01,0.115312,0.0,0,0.0,0.0,0.0
2011-08-14 23:00:01,0.0971056439942,0.0,0,0.0,0.0,0.0
2011-08-15 00:00:01,0.0887619047619,0.322400062526,0,0.0,0.0,0.0
2011-08-15 01:00:01,0.0767574059247,0.0,0,0.0,0.0,0.0
2011-08-15 02:00:01,0.0635458409229,0.397369498856,0,0.0,0.0,0.0
2011-08-15 03:00:01,0.0615452688904,0.272592487728,0,0.0,0.0,0.0
2011-08-15 04:00:01,0.0844965034965,0.266834772564,0,0.0,0.0,0.0
2011-08-15 05:00:01,0.125080416272,0.00542980666185,0,0.0,0.0,0.0
2011-08-15 06:00:01,0.152823529412,0.285688367101,0,0.0,0.0,0.0
2011-08-15 07:00:01,0.160897435897,0.0,0,0.0,0.0,0.0
2011-08-15 08:00:01,0.208504464286,0.316737499392,0,0.0,0.0,0.0
2011-08-15 09:00:01,0.159442622951,0.392995381983,0,0.0,0.0,0.0
2011-08-15 10:00:01,0.126083333333,0.0,0,0.0,0.0,0.0
2011-08-15 11:00:01,0.147287066246,0.143302370149,0,0.0,0.0,0.0
2011-08-15 12:00:01,0.13907275321,0.0,0,0.0,0.0,0.0
2011-08-15 13:00:01,0.152277580071,0.0,0,0.0,0.0,0.0
2011-08-15 14:00:01,0.175957820738,0.0,0,0.0,0.0,0.0
2011-08-15 15:00:01,0.172835595777,0.0,0,0.0,0.0,0.0
2011-08-15 16:00:01,0.15900990099,0.0,0,0.0,0.0,0.0
2011-08-15 17:00:01,0.145223880597,0.0,0,0.0,0.0,0.0
2011-08-15 18:00:01,0.149354518371,0.597288211516,0,0.0,0.0,0.0
2011-08-15 19:00:01,0.131401693321,0.364300800255,0,0.0,0.0,0.0
2011-08-15 20:00:01,0.124854288093,0.363829510872,0,0.0,0.0,0.0
2011-08-15 21:00:01,0.120876451954,0.0,0,0.0,0.0,0.0
2011-08-16 00:00:01,0.112879852126,0.0748224094999,0,0.0,0.0,0.0
2011-08-16 01:00:01,0.0948547717842,0.0,0,0.0,0.0,0.0
2011-08-16 02:00:01,0.07600505689,0.36620955349,0,0.0,0.0,0.0
2011-08-16 03:00:01,0.0601774785802,0.176791314515,0,0.0,0.0,0.0
2011-08-16 04:00:01,0.0721493506494,0.614100029052,0,0.0,0.0,0.0
2011-08-16 05:00:01,0.109337016575,0.0346467858167,0,0.0,0.0,0.0
2011-08-16 06:00:01,0.12738045738,0.52777386177,0,0.0,0.0,0.0
2011-08-16 07:00:01,0.180516795866,0.144081434646,0,0.0,0.0,0.0
2011-08-16 08:00:01,0.175753424658,0.0,0,0.0,0.0,0.0
2011-08-16 09:00:01,0.144705882353,0.249460085116,0,0.0,0.0,0.0
2011-08-16 10:00:01,0.139488054608,0.0,0,0.0,0.0,0.0
2011-08-16 11:00:01,0.156717325228,0.209754191591,0,0.0,0.0,0.0
2011-08-16 12:00:01,0.156968911917,0.192617332891,0,0.0,0.0,0.0
2011-08-16 13:00:01,0.173802281369,0.464588895872,0,0.0,0.0,0.0
2011-08-16 14:00:01,0.195833333333,0.0,0,0.0,0.0,0.0
2011-08-16 15:00:01,0.159928315412,0.230101312302,0,0.0,0.0,0.0
2011-08-16 16:00:01,0.156680555556,0.0,0,0.0,0.0,0.0
2011-08-16 17:00:01,0.130603732162,0.478217347679,0,0.0,0.0,0.0
2011-08-16 18:00:01,0.120630541872,0.0944378177164,0,0.0,0.0,0.0
2011-08-16 19:00:01,0.117578194817,0.608091378495,0,0.0,0.0,0.0
2011-08-16 20:00:01,0.100228855721,0.0,0,0.0,0.0,0.0
2011-08-16 21:00:01,0.110859774821,0.201669944643,0,0.0,0.0,0.0
2011-08-16 22:00:01,0.100555972953,0.157504902312,0,0.0,0.0,0.0
2011-08-16 23:00:01,0.0928300609343,0.163870604672,0,0.0,0.0,0.0
2011-08-17 00:00:01,0.0887169312169,0.0,0,0.0,0.0,0.0
2011-08-17 01:00:01,0.0751711026616,0.530859604661,0,0.0,0.0,0.0
2011-08-17 02:00:01,0.0671932299013,0.0,0,0.0,0.0,0.0
2011-08-17 03:00:01,0.0569876453488,0.00773684134034,0,0.0,0.0,0.0
2011-08-17 04:00:01,0.0739644970414,0.158935870271,0,0.0,0.0,0.0
2011-08-17 05:00:01,0.0940488656195,0.0,0,0.0,0.0,0.0
2011-08-17 06:00:01,0.0884420289855,0.134850785224,0,0.0,0.0,0.0
2011-08-17 07:00:01,0.119948275862,0.288846134309,0,0.0,0.0,0.0
2011-08-17 08:00:01,0.135165394402,0.181749433876,0,0.0,0.0,0.0
2011-08-17 09:00:01,0.128560411311,0.0567853041765,0,0.0,0.0,0.0
2011-08-17 10:00:01,0.12003236246,0.0,0,0.0,0.0,0.0
2011-08-17 11:00:01,0.116625,0.307413354938,0,0.0,0.0,0.0
2011-08-17 12:00:01,0.115021276596,0.517638236153,0,0.0,0.0,0.0
2011-08-17 13:00:01,0.124337152209,0.215325335102,0,0.0,0.0,0.0
2011-08-17 14:00:01,0.110400972053,0.37744299351,0,0.0,0.0,0.0
2011-08-17 15:00:01,0.148208409506,0.0643888335949,0,0.0,0.0,0.0
2011-08-17 16:00:01,0.146277890467,0.0568061918603,0,0.0,0.0,0.0
2011-08-17 17:00:01,0.110632911392,0.0,0,0.0,0.0,0.0
2011-08-17 18:00:01,0.129878721058,0.0,0,0.0,0.0,0.0
2011-08-17 19:00:01,0.107172489083,0.249043980435,0,0.0,0.0,0.0
2011-08-17 20:00:01,0.109739130435,0.0879910151691,0,0.0,0.0,0.0
2011-08-17 21:00:01,0.102514619883,0.274916760886,0,0.0,0.0,0.0
2011-08-17 22:00:01,0.0949129852744,0.0,0,0.0,0.0,0.0
2011-08-17 23:00:01,0.0821228615863,0.0,0,0.0,0.0,0.0
2011-08-18 00:00:01,0.0739106901218,0.0011512791817,0,0.0,0.0,0.0
2011-08-18 01:00:01,0.0707963246554,0.0454482709922,0,0.0,0.0,0.0
2011-08-18 02:00:01,0.0606611570248,0.0,0,0.0,0.0,0.0
2011-08-18 03:00:01,0.0442401392111,0.099189411787,0,0.0,0.0,0.0
2011-08-18 04:00:01,0.0616063675832,0.451900201906,0,0.0,0.0,0.0
2011-08-18 05:00:01,0.0953426248548,0.0125879458347,0,0.0,0.0,0.0
2011-08-18 06:00:01,0.0802471169687,0.0,0,0.0,0.0,0.0
2011-08-18 07:00:01,0.139586563307,0.0,0,0.0,0.0,0.0
2011-08-18 08:00:01,0.172919463087,0.0,0,0.0,0.0,0.0
2011-08-18 09:00:01,0.145015772871,0.355947518046,0,0.0,0.0,0.0
2011-08-18 10:00:01,0.152935153584,0.194333432942,0,0.0,0.0,0.0
2011-08-18 11:00:01,0.126653846154,0.0,0,0.0,0.0,0.0
2011-08-18 12:00:01,0.134631578947,0.0,0,0.0,0.0,0.0
2011-08-18 13:00:01,0.139772296015,0.0,0,0.0,0.0,0.0
2011-08-18 14:00:01,0.156115384615,0.0,0,0.0,0.0,0.0
2011-08-18 15:00:01,0.161610429448,0.0,0,0.0,0.0,0.0
2011-08-18 16:00:01,0.142340136054,0.0,0,0.0,0.0,0.0
2011-08-18 17:00:01,0.124217758985,0.0626775648628,0,0.0,0.0,0.0
2011-08-18 18:00:01,0.112732502397,0.0671387187013,0,0.0,0.0,0.0
2011-08-18 19:00:01,0.109907407407,0.189216561347,0,0.0,0.0,0.0
2011-08-18 20:00:01,0.103028301887,0.144889387384,0,0.0,0.0,0.0
2011-08-18 21:00:01,0.108101265823,0.423842704116,0,0.0,0.0,0.0
2011-08-18 22:00:01,0.109340101523,0.0373408948639,0,0.0,0.0,0.0
2011-08-18 23:00:01,0.0928143133462,0.0,0,0.0,0.0,0.0
2011-08-19 00:00:01,0.0860546875,0.227565715549,0,0.0,0.0,0.0
2011-08-19 01:00:01,0.0710621468927,0.0159635334352,0,0.0,0.0,0.0
2011-08-19 02:00:01,0.0732460447354,0.0,0,0.0,0.0,0.0
2011-08-19 03:00:01,0.0536189747513,0.0,0,0.0,0.0,0.0
2011-08-19 04:00:01,0.0822508038585,0.0,0,0.0,0.0,0.0
2011-08-19 05:00:01,0.094796030871,0.411471088714,0,0.0,0.0,0.0
2011-08-19 06:00:01,0.0969190140845,0.177496373092,0,0.0,0.0,0.0
2011-08-19 07:00:01,0.144830699774,0.0018606182537,0,0.0,0.0,0.0
2011-08-19 08:00:01,0.174155844156,0.729455040661,0,0.0,0.0,0.0
2011-08-19 09:00:01,0.151114369501,0.434684329083,0,0.0,0.0,0.0
2011-08-19 10:00:01,0.152806324111,0.0,0,0.0,0.0,0.0
2011-08-19 11:00:01,0.146851311953,0.176188210753,0,0.0,0.0,0.0
2011-08-19 12:00:01,0.16219858156,0.219376302834,0,0.0,0.0,0.0
2011-08-19 13:00:01,0.18921875,0.372295701772,0,0.0,0.0,0.0
2011-08-19 14:00:01,0.157520242915,0.45337585055,0,0.0,0.0,0.0
2011-08-19 15:00:01,0.158472584856,0.0214516965661,0,0.0,0.0,0.0
2011-08-19 16:00:01,0.13572815534,0.245007768975,0,0.0,0.0,0.0
2011-08-19 17:00:01,0.101354420114,0.0259183430422,0,0.0,0.0,0.0
2011-08-19 18:00:01,0.10043381535,0.739208322286,0,0.0,0.0,0.0
2011-08-19 19:00:01,0.113808016878,0.0,0,0.0,0.0,0.0
2011-08-19 20:00:01,0.104941176471,0.202156456025,0,0.0,0.0,0.0
2011-08-19 21:00:01,0.0976577840112,0.0,0,0.0,0.0,0.0
2011-08-19 22:00:01,0.101288951841,0.0,0,0.0,0.0,0.0
2011-08-19 23:00:01,0.0807769145394,0.0,0,0.0,0.0,0.0
2011-08-20 00:00:01,0.0770080321285,0.246535524064,0,0.0,0.0,0.0
2011-08-20 01:00:01,0.0724773834377,0.373871972026,0,0.0,0.0,0.0
2011-08-20 02:00:01,0.0632070707071,0.241934661354,0,0.0,0.0,0.0
2011-08-20 03:00:01,0.0492577224527,0.279415249211,0,0.0,0.0,0.0
2011-08-20 04:00:01,0.0694444444444,0.0689969206222,0,0.0,0.0,0.0
2011-08-20 05:00:01,0.111746183206,0.0,0,0.0,0.0,0.0
2011-08-20 06:00:01,0.0953485064011,0.219533242875,0,0.0,0.0,0.0
2011-08-20 07:00:01,0.13880866426,0.278463795966,0,0.0,0.0,0.0
2011-08-20 08:00:01,0.158722891566,0.535173046901,0,0.0,0.0,0.0
2011-08-20 09:00:01,0.142033333333,0.388817926262,0,0.0,0.0,0.0
2011-08-20 10:00:01,0.118189415042,0.320862801198,0,0.0,0.0,0.0
2011-08-20 11:00:01,0.123484848485,0.0876155139124,0,0.0,0.0,0.0
2011-08-20 12:00:01,0.155338983051,0.28949059286,0,0.0,0.0,0.0
2011-08-20 13:00:01,0.171588132635,0.067534140288,0,0.0,0.0,0.0
2011-08-20 14:00:01,0.154665757162,0.451168136623,0,0.0,0.0,0.0
2011-08-20 15:00:01,0.144744897959,0.00209431484376,0,0.0,0.0,0.0
2011-08-20 16:00:01,0.142985409652,0.0,0,0.0,0.0,0.0
2011-08-20 17:00:01,0.101298157454,0.0282217071745,0,0.0,0.0,0.0
2011-08-20 18:00:01,0.0898817567568,0.154239418776,0,0.0,0.0,0.0
2011-08-20 19:00:01,0.0887995198079,0.113566630764,0,0.0,0.0,0.0
2011-08-20 20:00:01,0.0915183946488,0.475442931755,0,0.0,0.0,0.0
2011-08-20 21:00:01,0.088203125,0.227155364917,0,0.0,0.0,0.0
2011-08-20 22:00:01,0.0940313111546,0.11467422668,0,0.0,0.0,0.0
2011-08-20 23:00:01,0.0947100802855,0.0,0,0.0,0.0,0.0
2011-08-21 00:00:01,0.0783,0.453544636107,0,0.0,0.0,0.0
2011-08-21 01:00:01,0.0807470049331,0.0,0,0.0,0.0,0.0
2011-08-21 02:00:01,0.0641913439636,0.214024396625,0,0.0,0.0,0.0
2011-08-21 03:00:01,0.0538818565401,0.0,0,0.0,0.0,0.0
2011-08-21 04:00:01,0.0753577106518,0.0251404149813,0,0.0,0.0,0.0
2011-08-21 05:00:01,0.115963203463,0.0,0,0.0,0.0,0.0
2011-08-21 06:00:01,0.0939847715736,0.0,0,0.0,0.0,0.0
2011-08-21 07:00:01,0.137370242215,0.0,0,0.0,0.0,0.0
2011-08-21 08:00:01,0.171899109792,0.156244943219,0,0.0,0.0,0.0
2011-08-21 09:00:01,0.134024640657,0.10714552198,0,0.0,0.0,0.0
2011-08-21 10:00:01,0.116201780415,0.140838424611,0,0.0,0.0,0.0
2011-08-21 11:00:01,0.111481481481,0.360771794933,0,0.0,0.0,0.0
2011-08-21 12:00:01,0.121878172589,0.393097349554,0,0.0,0.0,0.0
2011-08-21 13:00:01,0.121111111111,0.0,0,0.0,0.0,0.0
2011-08-21 14:00:01,0.127411067194,0.0389862032563,0,0.0,0.0,0.0
2011-08-21 15:00:01,0.129568014706,0.0,0,0.0,0.0,0.0
2011-08-21 16:00:01,0.113125,0.0398598642482,0,0.0,0.0,0.0
2011-08-21 17:00:01,0.091846419327,0.400617453733,0,0.0,0.0,0.0
2011-08-21 18:00:01,0.083811023622,0.373554400742,0,0.0,0.0,0.0
2011-08-21 19:00:01,0.0901892744479,0.26723109725,0,0.0,0.0,0.0
2011-08-21 20:00:01,0.0848633440514,0.342390589136,0,0.0,0.0,0.0
2011-08-21 21:00:01,0.0827652733119,0.0,0,0.0,0.0,0.0
2011-08-21 22:00:01,0.0729182295574,0.0,0,0.0,0.0,0.0
2011-08-21 23:00:01,0.0687188019967,0.247411702725,0,0.0,0.0,0.0
2011-08-22 00:00:01,0.0652910512598,0.0,0,0.0,0.0,0.0
2011-08-22 01:00:01,0.0597656744775,0.3975444715,0,0.0,0.0,0.0
2011-08-22 02:00:01,0.0489229720518,0.0,0,0.0,0.0,0.0
2011-08-22 03:00:01,0.0477128782548,0.181386387509,0,0.0,0.0,0.0
2011-08-22 04:00:01,0.0638228438228,0.0739322920007,0,0.0,0.0,0.0
2011-08-22 05:00:01,0.103051702396,0.0338097062032,0,0.0,0.0,0.0
2011-08-22 06:00:01,0.0895652173913,0.0,0,0.0,0.0,0.0
2011-08-22 07:00:01,0.124128440367,0.189059383327,0,0.0,0.0,0.0
2011-08-22 08:00:01,0.215017421603,0.0550552783554,0,0.0,0.0,0.0
2011-08-22 09:00:01,0.154131274131,0.30924802479,0,0.0,0.0,0.0
2011-08-22 10:00:01,0.151511111111,0.140701936234,0,0.0,0.0,0.0
2011-08-22 11:00:01,0.129569230769,0.293350769255,0,0.0,0.0,0.0
2011-08-22 12:00:01,0.137255369928,0.354808345459,0,0.0,0.0,0.0
2011-08-22 13:00:01,0.141398305085,0.509637736613,0,0.0,0.0,0.0
2011-08-22 14:00:01,0.127036395147,0.0583255183188,0,0.0,0.0,0.0
2011-08-22 15:00:01,0.144790528233,0.0,0,0.0,0.0,0.0
2011-08-22 16:00:01,0.117414880202,0.0544224124184,0,0.0,0.0,0.0
2011-08-22 17:00:01,0.118756157635,0.460119587029,0,0.0,0.0,0.0
2011-08-22 18:00:01,0.119006309148,0.5,0,0.0,0.0,0.0
2011-08-22 19:00:01,0.113553859203,0.0846392570341,0,0.0,0.0,0.0
2011-08-22 20:00:01,0.0979017857143,0.0,0,0.0,0.0,0.0
2011-08-22 21:00:01,0.10843902439,0.0,0,0.0,0.0,0.0
2011-08-22 22:00:01,0.0995095948827,0.229432323673,0,0.0,0.0,0.0
2011-08-22 23:00:01,0.0754669887279,0.0,0,0.0,0.0,0.0
2011-08-23 00:00:01,0.0701578947368,0.0,0,0.0,0.0,0.0
2011-08-23 01:00:01,0.0633381088825,0.316158865056,0,0.0,0.0,0.0
2011-08-23 02:00:01,0.0578227245687,0.0,0,0.0,0.0,0.0
2011-08-23 03:00:01,0.054068914956,0.0,0,0.0,0.0,0.0
2011-08-23 04:00:01,0.0800538116592,0.0,0,0.0,0.0,0.0
2011-08-23 05:00:01,0.0942072409488,0.0,0,0.0,0.0,0.0
2011-08-23 06:00:01,0.110804347826,0.150508589974,0,0.0,0.0,0.0
2011-08-23 07:00:01,0.141096605744,0.530290155144,0,0.0,0.0,0.0
2011-08-23 08:00:01,0.211731601732,0.0492814908039,0,0.0,0.0,0.0
2011-08-23 09:00:01,0.181084337349,0.289564287153,0,0.0,0.0,0.0
2011-08-23 10:00:01,0.158333333333,0.441231280684,0,0.0,0.0,0.0
2011-08-23 11:00:01,0.128907563025,0.0205396586208,0,0.0,0.0,0.0
2011-08-23 12:00:01,0.116029411765,0.275773528764,0,0.0,0.0,0.0
2011-08-23 13:00:01,0.120865800866,0.00408283951701,0,0.0,0.0,0.0
2011-08-23 14:00:01,0.133739130435,0.0,0,0.0,0.0,0.0
2011-08-23 15:00:01,0.143019480519,0.362822742418,0,0.0,0.0,0.0
2011-08-23 16:00:01,0.12492286115,0.0,0,0.0,0.0,0.0
2011-08-23 17:00:01,0.105073529412,0.0463916291165,0,0.0,0.0,0.0
2011-08-23 18:00:01,0.0983081155433,0.130057202572,0,0.0,0.0,0.0
2011-08-23 19:00:01,0.0931699687174,0.0830008157466,0,0.0,0.0,0.0
2011-08-23 20:00:01,0.0918820224719,0.0,0,0.0,0.0,0.0
2011-08-23 21:00:01,0.0894471387003,0.0198908037445,0,0.0,0.0,0.0
2011-08-23 22:00:01,0.102030360531,0.0,0,0.0,0.0,0.0
2011-08-23 23:00:01,0.0903076923077,0.0,0,0.0,0.0,0.0
2011-08-24 00:00:01,0.1046875,0.221818121837,0,0.0,0.0,0.0
2011-08-24 01:00:01,0.0749254226052,0.219800412266,0,0.0,0.0,0.0
2011-08-24 02:00:01,0.0649182561308,0.0,0,0.0,0.0,0.0
2011-08-24 03:00:01,0.0571681415929,0.0652559667271,0,0.0,0.0,0.0
2011-08-24 04:00:01,0.0727165775401,0.0,0,0.0,0.0,0.0
2011-08-24 05:00:01,0.0925959780622,0.0,0,0.0,0.0,0.0
2011-08-24 06:00:01,0.107063492063,0.0819161622223,0,0.0,0.0,0.0
2011-08-24 07:00:01,0.140641891892,0.13238696774,0,0.0,0.0,0.0
2011-08-24 08:00:01,0.197115384615,0.0,0,0.0,0.0,0.0
2011-08-24 09:00:01,0.191169590643,0.701418849021,0,0.0,0.0,0.0
2011-08-24 10:00:01,0.103025477707,0.459615054641,0,0.0,0.0,0.0
2011-08-24 11:00:01,0.134267515924,0.0,0,0.0,0.0,0.0
2011-08-24 12:00:01,0.13125,0.660034589377,0,0.0,0.0,0.0
2011-08-24 12:00:01,0.119452887538,0.288331227056,0,0.0,0.0,0.0
2011-08-24 13:00:01,0.142298578199,0.00186132130289,0,0.0,0.0,0.0
2011-08-24 14:00:01,0.121895424837,0.550420821896,0,0.0,0.0,0.0
2011-08-24 15:00:01,0.128388791594,0.395642630945,0,0.0,0.0,0.0
2011-08-24 16:00:01,0.107593880389,0.252043204684,0,0.0,0.0,0.0
2011-08-24 17:00:01,0.134992967651,0.396904100725,0,0.0,0.0,0.0
2011-08-24 18:00:01,0.137509247842,0.0,0,0.0,0.0,0.0
2011-08-24 19:00:01,0.118355995056,0.0430007867974,0,0.0,0.0,0.0
2011-08-24 20:00:01,0.0995682613769,0.339415929431,0,0.0,0.0,0.0
2011-08-24 21:00:01,0.100749711649,0.0798328905819,0,0.0,0.0,0.0
2011-08-24 22:00:01,0.0836117936118,0.0,0,0.0,0.0,0.0
2011-08-24 23:00:01,0.089214527027,0.167560391155,0,0.0,0.0,0.0
2011-08-25 00:00:01,0.0810109090909,0.0727321910717,0,0.0,0.0,0.0
2011-08-25 01:00:01,0.0740128410915,0.000699778551379,0,0.0,0.0,0.0
2011-08-25 02:00:01,0.0661502347418,0.307282874336,0,0.0,0.0,0.0
2011-08-25 03:00:01,0.0658904109589,0.203865825483,0,0.0,0.0,0.0
2011-08-25 04:00:01,0.0658904109589,0.046930725145,0,0.0,0.0,0.0
2011-08-25 05:00:01,0.0795053147997,0.0497507455768,0,0.0,0.0,0.0
2011-08-25 06:00:01,0.100915331808,0.0,0,0.0,0.0,0.0
2011-08-25 07:00:01,0.150614334471,0.171235146398,0,0.0,0.0,0.0
2011-08-25 08:00:01,0.161641791045,0.14968755411,0,0.0,0.0,0.0
2011-08-25 09:00:01,0.186170212766,0.0,0,0.0,0.0,0.0
2011-08-25 10:00:01,0.120856269113,0.0,0,0.0,0.0,0.0
2011-08-25 11:00:01,0.139667774086,0.0,0,0.0,0.0,0.0
2011-08-25 12:00:01,0.148098159509,0.270856487245,0,0.0,0.0,0.0
2011-08-25 13:00:01,0.150740740741,0.0251510976307,0,0.0,0.0,0.0
2011-08-25 14:00:01,0.128050089445,0.0314803390971,0,0.0,0.0,0.0
2011-08-25 15:00:01,0.123235685752,0.0,0,0.0,0.0,0.0
2011-08-25 16:00:01,0.113632019116,0.0,0,0.0,0.0,0.0
2011-08-25 17:00:01,0.103065217391,0.0,0,0.0,0.0,0.0
2011-08-25 18:00:01,0.102137203166,0.431466397178,0,0.0,0.0,0.0
2011-08-25 19:00:01,0.116292517007,0.154523278412,0,0.0,0.0,0.0
2011-08-25 20:00:01,0.0962192216044,0.34326649479,0,0.0,0.0,0.0
2011-08-25 21:00:01,0.0926034958602,0.150161448718,0,0.0,0.0,0.0
2011-08-25 22:00:01,0.0993384223919,0.0,0,0.0,0.0,0.0
2011-08-25 23:00:01,0.0854255319149,0.28676955421,0,0.0,0.0,0.0
2011-08-26 00:00:01,0.0726258992806,0.149805666288,0,0.0,0.0,0.0
2011-08-26 01:00:01,0.0689721485411,0.0398931657779,0,0.0,0.0,0.0
2011-08-26 02:00:01,0.0659612903226,0.13136367296,0,0.0,0.0,0.0
2011-08-26 03:00:01,0.0546968403074,0.271094967012,0,0.0,0.0,0.0
2011-08-26 04:00:01,0.0795277777778,0.0,0,0.0,0.0,0.0
2011-08-26 05:00:01,0.0923461538462,0.040032400761,0,0.0,0.0,0.0
2011-08-26 06:00:01,0.105986842105,0.0,0,0.0,0.0,0.0
2011-08-26 07:00:01,0.165223097113,0.367557504248,0,0.0,0.0,0.0
2011-08-26 08:00:01,0.175538461538,0.0,0,0.0,0.0,0.0
2011-08-26 09:00:01,0.151849315068,0.0,0,0.0,0.0,0.0
2011-08-26 10:00:01,0.177138263666,0.355743100944,0,0.0,0.0,0.0
2011-08-26 11:00:01,0.121359773371,0.0,0,0.0,0.0,0.0
2011-08-26 12:00:01,0.131615541922,0.0982141399225,0,0.0,0.0,0.0
2011-08-26 13:00:01,0.145436241611,0.0,0,0.0,0.0,0.0
2011-08-26 14:00:01,0.131875,0.0,0,0.0,0.0,0.0
2011-08-26 15:00:01,0.145088566828,0.0,0,0.0,0.0,0.0
2011-08-26 16:00:01,0.138504672897,0.0,0,0.0,0.0,0.0
2011-08-26 17:00:01,0.123757881463,0.00679344518123,0,0.0,0.0,0.0
2011-08-26 18:00:01,0.117987804878,0.0,0,0.0,0.0,0.0
2011-08-26 19:00:01,0.110223577236,0.414760328102,0,0.0,0.0,0.0
2011-08-26 20:00:01,0.107444608567,0.384532569685,0,0.0,0.0,0.0
2011-08-26 21:00:01,0.103782095767,0.0,0,0.0,0.0,0.0
2011-08-26 22:00:01,0.095650713686,0.216218537592,0,0.0,0.0,0.0
2011-08-26 23:00:01,0.101652360515,0.0636240828967,0,0.0,0.0,0.0
2011-08-27 00:00:01,0.0850060606061,0.0,0,0.0,0.0,0.0
2011-08-27 01:00:01,0.0855480769231,0.245893985553,0,0.0,0.0,0.0
2011-08-27 02:00:01,0.0793292682927,0.154011881456,0,0.0,0.0,0.0
2011-08-27 03:00:01,0.0749841269841,0.349264270998,0,0.0,0.0,0.0
2011-08-27 04:00:01,0.0956683168317,0.0150258362617,0,0.0,0.0,0.0
2011-08-27 05:00:01,0.0981013824885,0.0,0,0.0,0.0,0.0
2011-08-27 06:00:01,0.110380622837,0.14509434842,0,0.0,0.0,0.0
2011-08-27 07:00:01,0.135073529412,0.287376236129,0,0.0,0.0,0.0
2011-08-27 08:00:01,0.163687635575,0.082220402789,0,0.0,0.0,0.0
2011-08-27 09:00:01,0.147275132275,0.198710958318,0,0.0,0.0,0.0
2011-08-27 10:00:01,0.118717339667,0.0122415914857,0,0.0,0.0,0.0
2011-08-27 11:00:01,0.154738292011,0.204393482487,0,0.0,0.0,0.0
2011-08-27 12:00:01,0.134536082474,0.31652431618,0,0.0,0.0,0.0
2011-08-27 13:00:01,0.131927536232,0.249813567839,0,0.0,0.0,0.0
2011-08-27 14:00:01,0.126748057714,0.572372190459,0,0.0,0.0,0.0
2011-08-27 15:00:01,0.120754005655,0.221160697414,0,0.0,0.0,0.0
2011-08-27 16:00:01,0.118395833333,0.0322448844485,0,0.0,0.0,0.0
2011-08-27 17:00:01,0.103737646002,0.856753291764,0,0.0,0.0,0.0
2011-08-27 18:00:01,0.100345140781,0.0970060711885,0,0.0,0.0,0.0
2011-08-27 19:00:01,0.098473547268,0.0,0,0.0,0.0,0.0
2011-08-27 20:00:01,0.0985117967332,0.195295779429,0,0.0,0.0,0.0
2011-08-27 21:00:01,0.0954140127389,0.0,0,0.0,0.0,0.0
2011-08-27 22:00:01,0.0860727272727,0.316751889796,0,0.0,0.0,0.0
2011-08-27 23:00:01,0.0821031746032,0.223697030748,0,0.0,0.0,0.0
2011-08-28 00:00:01,0.0727639751553,0.198754852775,0,0.0,0.0,0.0
2011-08-28 01:00:01,0.062752851711,0.0,0,0.0,0.0,0.0
2011-08-28 02:00:01,0.0587381473377,0.0,0,0.0,0.0,0.0
2011-08-28 03:00:01,0.0479363057325,0.0,0,0.0,0.0,0.0
2011-08-28 04:00:01,0.0682142857143,0.0,0,0.0,0.0,0.0
2011-08-28 05:00:01,0.0759542586751,0.0517210573237,0,0.0,0.0,0.0
2011-08-28 06:00:01,0.106373626374,0.288274223021,0,0.0,0.0,0.0
2011-08-28 07:00:01,0.0969246861925,0.0,0,0.0,0.0,0.0
2011-08-28 08:00:01,0.170033388982,0.590830881427,0,0.0,0.0,0.0
2011-08-28 09:00:01,0.124548104956,0.316244953706,0,0.0,0.0,0.0
2011-08-28 10:00:01,0.114635514019,0.0224831816392,0,0.0,0.0,0.0
2011-08-28 11:00:01,0.103448275862,0.601176723597,0,0.0,0.0,0.0
2011-08-28 12:00:01,0.116266173752,0.0,0,0.0,0.0,0.0
2011-08-28 13:00:01,0.126609907121,0.0,0,0.0,0.0,0.0
2011-08-28 14:00:01,0.130183006536,0.0,0,0.0,0.0,0.0
2011-08-28 15:00:01,0.120176531672,0.0,0,0.0,0.0,0.0
2011-08-28 16:00:01,0.111587301587,0.0,0,0.0,0.0,0.0
2011-08-28 17:00:01,0.0976240846216,0.0,0,0.0,0.0,0.0
2011-08-28 18:00:01,0.0948384353741,0.163394700166,0,0.0,0.0,0.0
2011-08-28 19:00:01,0.0840584166026,0.462181965895,0,0.0,0.0,0.0
2011-08-28 20:00:01,0.0743294117647,0.179278287855,0,0.0,0.0,0.0
2011-08-28 21:00:01,0.0712329863891,0.0,0,0.0,0.0,0.0
2011-08-28 22:00:01,0.0668421052632,0.0879920867068,0,0.0,0.0,0.0
2011-08-28 23:00:01,0.0719213114754,0.0,0,0.0,0.0,0.0
2011-08-29 00:00:01,0.0600398406375,0.250655746052,0,0.0,0.0,0.0
2011-08-29 01:00:01,0.0555158069884,0.0,0,0.0,0.0,0.0
2011-08-29 02:00:01,0.0490916597853,0.0,0,0.0,0.0,0.0
2011-08-29 03:00:01,0.0423600973236,0.0,0,0.0,0.0,0.0
2011-08-29 04:00:01,0.0606539735099,0.103776678601,0,0.0,0.0,0.0
2011-08-29 05:00:01,0.0777566539924,0.0,0,0.0,0.0,0.0
2011-08-29 06:00:01,0.0873804971319,0.0375828119581,0,0.0,0.0,0.0
2011-08-29 07:00:01,0.129604863222,0.0,0,0.0,0.0,0.0
2011-08-29 08:00:01,0.158345070423,0.381212602652,0,0.0,0.0,0.0
2011-08-29 09:00:01,0.138106508876,0.0683276139337,0,0.0,0.0,0.0
2011-08-29 10:00:01,0.150680272109,0.114566276813,0,0.0,0.0,0.0
2011-08-29 11:00:01,0.116778042959,0.0,0,0.0,0.0,0.0
2011-08-29 12:00:01,0.0966950959488,0.0,0,0.0,0.0,0.0
2011-08-29 13:00:01,0.123992932862,0.344884667534,0,0.0,0.0,0.0
2011-08-29 14:00:01,0.11081570997,0.0835228334128,0,0.0,0.0,0.0
2011-08-29 15:00:01,0.129307432432,0.0,0,0.0,0.0,0.0
2011-08-29 16:00:01,0.125940740741,0.767113862985,0,0.0,0.0,0.0
2011-08-29 17:00:01,0.102137592138,0.0,0,0.0,0.0,0.0
2011-08-29 18:00:01,0.0941742081448,0.164992093342,0,0.0,0.0,0.0
2011-08-29 19:00:01,0.109444995045,0.123453425588,0,0.0,0.0,0.0
2011-08-29 20:00:01,0.0872681451613,0.107955963001,0,0.0,0.0,0.0
2011-08-29 21:00:01,0.0890061349693,0.0,0,0.0,0.0,0.0
2011-08-29 22:00:01,0.0870618228171,0.0849778574827,0,0.0,0.0,0.0
2011-08-29 23:00:01,0.0841054613936,0.0320272792638,0,0.0,0.0,0.0
2011-08-30 00:00:01,0.0761148325359,0.389759355871,0,0.0,0.0,0.0
2011-08-30 01:00:01,0.0600057937428,0.0297919028596,0,0.0,0.0,0.0
2011-08-30 02:00:01,0.054295958279,0.263716155531,0,0.0,0.0,0.0
2011-08-30 03:00:01,0.051952887538,0.00835616079587,0,0.0,0.0,0.0
2011-08-30 04:00:01,0.0924405218726,0.366290557832,0,0.0,0.0,0.0
2011-08-30 05:00:01,0.109405010438,0.0,0,0.0,0.0,0.0
2011-08-30 06:00:01,0.122962138085,0.0147774713711,0,0.0,0.0,0.0
2011-08-30 07:00:01,0.147909407666,0.172940018074,0,0.0,0.0,0.0
2011-08-30 08:00:01,0.152699228792,0.0507086503532,0,0.0,0.0,0.0
2011-08-30 09:00:01,0.1541875,0.0877189161966,0,0.0,0.0,0.0
2011-08-30 10:00:01,0.115840707965,0.0,0,0.0,0.0,0.0
2011-08-30 11:00:01,0.110201149425,0.0,0,0.0,0.0,0.0
2011-08-30 12:00:01,0.110076142132,0.115749048881,0,0.0,0.0,0.0
2011-08-30 13:00:01,0.108673267327,0.0,0,0.0,0.0,0.0
2011-08-30 14:00:01,0.106678832117,0.285094197351,0,0.0,0.0,0.0
2011-08-30 15:00:01,0.107907949791,0.0,0,0.0,0.0,0.0
2011-08-30 16:00:01,0.119509692132,0.41877498175,0,0.0,0.0,0.0
2011-08-30 17:00:01,0.101547749726,0.0373862742966,0,0.0,0.0,0.0
2011-08-30 18:00:01,0.111957340025,0.197703529863,0,0.0,0.0,0.0
2011-08-30 19:00:01,0.101444007859,0.172115880542,0,0.0,0.0,0.0
2011-08-30 20:00:01,0.0753491055972,0.0813017247694,0,0.0,0.0,0.0
2011-08-30 21:00:01,0.0653881278539,0.0,0,0.0,0.0,0.0
2011-08-30 22:00:01,0.089246805649,0.0279118789742,0,0.0,0.0,0.0
2011-08-30 23:00:01,0.0813057961359,0.19893948833,0,0.0,0.0,0.0
2011-08-31 00:00:01,0.0938608119304,0.0,0,0.0,0.0,0.0
2011-08-31 01:00:01,0.0797480451781,0.0,0,0.0,0.0,0.0
2011-08-31 02:00:01,0.066393442623,0.238039465832,0,0.0,0.0,0.0
2011-08-31 03:00:01,0.0646177606178,0.446197952174,0,0.0,0.0,0.0
2011-08-31 04:00:01,0.0873961499493,0.122653418223,0,0.0,0.0,0.0
2011-08-31 05:00:01,0.10959047619,0.0,0,0.0,0.0,0.0
2011-08-31 06:00:01,0.126039119804,0.323401354181,0,0.0,0.0,0.0
2011-08-31 07:00:01,0.12546835443,0.194201953098,0,0.0,0.0,0.0
2011-08-31 08:00:01,0.156303030303,0.0664849405842,0,0.0,0.0,0.0
2011-08-31 09:00:01,0.147432432432,0.267047058855,0,0.0,0.0,0.0
2011-08-31 10:00:01,0.133876651982,0.0,0,0.0,0.0,0.0
2011-08-31 11:00:01,0.129890410959,0.0,0,0.0,0.0,0.0
2011-08-31 12:00:01,0.141053811659,0.349206189209,0,0.0,0.0,0.0
2011-08-31 13:00:01,0.117336065574,0.0,0,0.0,0.0,0.0
2011-08-31 14:00:01,0.137372708758,0.191580032347,0,0.0,0.0,0.0
2011-08-31 15:00:01,0.113037593985,0.248885144832,0,0.0,0.0,0.0
2011-08-31 16:00:01,0.110820995962,0.218639328511,0,0.0,0.0,0.0
2011-08-31 17:00:01,0.0996882793017,0.0178659996233,0,0.0,0.0,0.0
2011-08-31 18:00:01,0.111057934509,0.0644126953202,0,0.0,0.0,0.0
2011-08-31 19:00:01,0.145935563817,0.0264500400848,0,0.0,0.0,0.0
2011-08-31 20:00:01,0.165860349127,0.37051100174,0,0.0,0.0,0.0
2011-08-31 21:00:01,0.17193687231,0.0,0,0.0,0.0,0.0
2011-08-31 22:00:01,0.183753623188,0.0,0,0.0,0.0,0.0
2011-08-31 23:00:01,0.173424036281,0.101878831952,0,0.0,0.0,0.0
2011-09-01 00:00:01,0.12689453125,0.0850926221508,0,0.0,0.0,0.0
2011-09-01 01:00:01,0.107446988974,0.432193358355,0,0.0,0.0,0.0
2011-09-01 02:00:01,0.0718667642753,0.208406115055,0,0.0,0.0,0.0
2011-09-01 03:00:01,0.0693063583815,0.0,0,0.0,0.0,0.0
2011-09-01 04:00:01,0.136761168385,0.316521418361,0,0.0,0.0,0.0
2011-09-01 05:00:01,0.161497461929,0.557389152429,0,0.0,0.0,0.0
2011-09-01 06:00:01,0.183985890653,0.119519560476,0,0.0,0.0,0.0
2011-09-01 07:00:01,0.190461538462,0.438191058963,0,0.0,0.0,0.0
2011-09-01 08:00:01,0.19428030303,0.0,0,0.0,0.0,0.0
2011-09-01 09:00:01,0.170563380282,0.470888961723,0,0.0,0.0,0.0
2011-09-01 10:00:01,0.181725490196,0.0,0,0.0,0.0,0.0
2011-09-01 11:00:01,0.155087719298,0.239406170958,0,0.0,0.0,0.0
2011-09-01 12:00:01,0.127297297297,0.072002882503,0,0.0,0.0,0.0
2011-09-01 13:00:01,0.127475728155,0.276808338446,0,0.0,0.0,0.0
2011-09-01 14:00:01,0.138672839506,0.137094087427,0,0.0,0.0,0.0
2011-09-01 15:00:01,0.124584980237,0.0,0,0.0,0.0,0.0
2011-09-01 16:00:01,0.119408450704,0.0858610331453,0,0.0,0.0,0.0
2011-09-01 17:00:01,0.105145228216,0.466123297299,0,0.0,0.0,0.0
2011-09-01 18:00:01,0.104637681159,0.366788445385,0,0.0,0.0,0.0
2011-09-02 15:00:01,0.125439066059,0.239369006321,0,0.0,0.0,0.0
2011-09-02 16:00:01,0.120748373102,0.0,0,0.0,0.0,0.0
2011-09-02 17:00:01,0.0994585448393,0.872503932591,0,0.0,0.0,0.0
2011-09-02 18:00:01,0.10984,0.0578054059604,0,0.0,0.0,0.0
2011-09-02 19:00:01,0.0994903339192,0.148128432808,0,0.0,0.0,0.0
2011-09-02 20:00:01,0.108297511312,0.176102526175,0,0.0,0.0,0.0
2011-09-02 21:00:01,0.109546979866,0.0,0,0.0,0.0,0.0
2011-09-02 22:00:01,0.129507908612,0.0,0,0.0,0.0,0.0
2011-09-02 23:00:01,0.143330266789,0.0,0,0.0,0.0,0.0
2011-09-03 00:00:01,0.121093613298,0.18349356761,0,0.0,0.0,0.0
2011-09-03 01:00:01,0.11054478301,0.418555916949,0,0.0,0.0,0.0
2011-09-03 02:00:01,0.101602160216,0.0,0,0.0,0.0,0.0
2011-09-03 03:00:01,0.0762834917891,0.0649199369772,0,0.0,0.0,0.0
2011-09-03 04:00:01,0.0875485799701,0.299454748035,0,0.0,0.0,0.0
2011-09-03 05:00:01,0.127487091222,0.0,0,0.0,0.0,0.0
2011-09-03 06:00:01,0.125506241331,0.330204585613,0,0.0,0.0,0.0
2011-09-03 07:00:01,0.114149797571,0.154764309679,0,0.0,0.0,0.0
2011-09-03 08:00:01,0.148712871287,0.0,0,0.0,0.0,0.0
2011-09-03 09:00:01,0.159177057357,0.0,0,0.0,0.0,0.0
2011-09-03 10:00:01,0.125173267327,0.0,0,0.0,0.0,0.0
2011-09-03 11:00:01,0.12546835443,0.30695313192,0,0.0,0.0,0.0
2011-09-03 12:00:01,0.136340508806,0.135408009543,0,0.0,0.0,0.0
2011-09-03 13:00:01,0.14014084507,0.163166876916,0,0.0,0.0,0.0
2011-09-03 14:00:01,0.135180586907,0.395820886934,0,0.0,0.0,0.0
2011-09-03 15:00:01,0.126968888889,0.0,0,0.0,0.0,0.0
2011-09-03 16:00:01,0.12272195122,0.103623718015,0,0.0,0.0,0.0
2011-09-03 17:00:01,0.112063609467,0.0205584496708,0,0.0,0.0,0.0
2011-09-03 18:00:01,0.10224852071,0.410207636923,0,0.0,0.0,0.0
2011-09-03 19:00:01,0.0998234774934,0.133260214137,0,0.0,0.0,0.0
2011-09-03 20:00:01,0.0981008902077,0.0732503763513,0,0.0,0.0,0.0
2011-09-03 21:00:01,0.095011148272,0.0,0,0.0,0.0,0.0
2011-09-03 22:00:01,0.0947378277154,0.11547450472,0,0.0,0.0,0.0
2011-09-03 23:00:01,0.0939592123769,0.0,0,0.0,0.0,0.0
2011-09-04 00:00:01,0.0895993589744,0.0996900548874,0,0.0,0.0,0.0
2011-09-04 01:00:01,0.0939749328559,0.33084218695,0,0.0,0.0,0.0
2011-09-04 02:00:01,0.0869841269841,0.0,0,0.0,0.0,0.0
2011-09-04 03:00:01,0.0758333333333,0.0,0,0.0,0.0,0.0
2011-09-04 04:00:01,0.103483976993,0.290611609272,0,0.0,0.0,0.0
2011-09-04 05:00:01,0.124340101523,0.0,0,0.0,0.0,0.0
2011-09-04 06:00:01,0.123559748428,0.157104733625,0,0.0,0.0,0.0
2011-09-04 07:00:01,0.143132780083,0.269281991124,0,0.0,0.0,0.0
2011-09-04 08:00:01,0.153292978208,0.16756561701,0,0.0,0.0,0.0
2011-09-04 09:00:01,0.144975961538,0.057610596407,0,0.0,0.0,0.0
2011-09-04 10:00:01,0.148344988345,0.0,0,0.0,0.0,0.0
2011-09-04 11:00:01,0.121404958678,0.0,0,0.0,0.0,0.0
2011-09-04 12:00:01,0.125106761566,0.297699247184,0,0.0,0.0,0.0
2011-09-04 13:00:01,0.137014446228,0.0,0,0.0,0.0,0.0
2011-09-04 14:00:01,0.145497572816,0.0,0,0.0,0.0,0.0
2011-09-04 15:00:01,0.129219653179,0.463718923578,0,0.0,0.0,0.0
2011-09-04 16:00:01,0.125491891892,0.160170821394,0,0.0,0.0,0.0
2011-09-04 17:00:01,0.112601296596,0.0,0,0.0,0.0,0.0
2011-09-04 18:00:01,0.108785123967,0.138050251587,0,0.0,0.0,0.0
2011-09-04 19:00:01,0.104248704663,0.168824405256,0,0.0,0.0,0.0
2011-09-04 20:00:01,0.0923049001815,0.174273011693,0,0.0,0.0,0.0
2011-09-04 21:00:01,0.0836208178439,0.0912400059889,0,0.0,0.0,0.0
2011-09-04 22:00:01,0.0923566878981,0.0,0,0.0,0.0,0.0
2011-09-04 23:00:01,0.0781174984207,0.0,0,0.0,0.0,0.0
2011-09-05 00:00:01,0.0772262190248,0.10796145931,0,0.0,0.0,0.0
2011-09-05 01:00:01,0.0748298755187,0.226691449049,0,0.0,0.0,0.0
2011-09-05 02:00:01,0.0652133044107,0.169248289187,0,0.0,0.0,0.0
2011-09-05 03:00:01,0.0451913709116,0.338231814966,0,0.0,0.0,0.0
2011-09-05 04:00:01,0.0791123188406,0.188612092397,0,0.0,0.0,0.0
2011-09-05 05:00:01,0.117971830986,0.217494537663,0,0.0,0.0,0.0
2011-09-05 06:00:01,0.114479338843,0.0755850758686,0,0.0,0.0,0.0
2011-09-05 07:00:01,0.113695150115,0.0233360966941,0,0.0,0.0,0.0
2011-09-05 08:00:01,0.175580645161,0.0951989597545,0,0.0,0.0,0.0
2011-09-05 09:00:01,0.154212328767,0.305229523021,0,0.0,0.0,0.0
2011-09-05 10:00:01,0.139960784314,0.0,0,0.0,0.0,0.0
2011-09-05 11:00:01,0.131630094044,0.0,0,0.0,0.0,0.0
2011-09-05 12:00:01,0.124085714286,0.347358591329,0,0.0,0.0,0.0
2011-09-05 13:00:01,0.127188552189,0.322030712931,0,0.0,0.0,0.0
2011-09-05 14:00:01,0.133503448276,0.354726005194,0,0.0,0.0,0.0
2011-09-05 15:00:01,0.12168972332,0.207604038546,0,0.0,0.0,0.0
2011-09-05 16:00:01,0.115792592593,0.0,0,0.0,0.0,0.0
2011-09-05 17:00:01,0.098496835443,0.180164277451,0,0.0,0.0,0.0
2011-09-05 18:00:01,0.0950494396836,0.197945063806,0,0.0,0.0,0.0
2011-09-05 19:00:01,0.0910444874275,0.0964006729072,0,0.0,0.0,0.0
2011-09-05 20:00:01,0.0811893687708,0.504571551563,0,0.0,0.0,0.0
2011-09-05 21:00:01,0.0825793907971,0.0,0,0.0,0.0,0.0
2011-09-05 22:00:01,0.0765527950311,0.285737503851,0,0.0,0.0,0.0
2011-09-05 23:00:01,0.0788387978142,0.0,0,0.0,0.0,0.0
2011-09-06 00:00:01,0.0739627659574,0.1214969525,0,0.0,0.0,0.0
2011-09-06 01:00:01,0.0691387900356,0.255868151693,0,0.0,0.0,0.0
2011-09-06 02:00:01,0.0510319076714,0.147513897847,0,0.0,0.0,0.0
2011-09-06 03:00:01,0.0468152031455,0.266739165946,0,0.0,0.0,0.0
2011-09-06 04:00:01,0.0999201596806,0.0572975276586,0,0.0,0.0,0.0
2011-09-06 05:00:01,0.10201884253,0.0,0,0.0,0.0,0.0
2011-09-06 06:00:01,0.106287262873,0.0,0,0.0,0.0,0.0
2011-09-06 07:00:01,0.150187265918,0.251343251647,0,0.0,0.0,0.0
2011-09-06 08:00:01,0.140684210526,0.0,0,0.0,0.0,0.0
2011-09-06 09:00:01,0.154042553191,0.0,0,0.0,0.0,0.0
2011-09-06 10:00:01,0.138396946565,0.0,0,0.0,0.0,0.0
2011-09-06 11:00:01,0.116378737542,0.0857640815404,0,0.0,0.0,0.0
2011-09-06 12:00:01,0.111181318681,0.395216175594,0,0.0,0.0,0.0
2011-09-06 13:00:01,0.116266375546,0.0,0,0.0,0.0,0.0
2011-09-06 14:00:01,0.116395112016,0.651006904905,0,0.0,0.0,0.0
2011-09-06 15:00:01,0.114629948365,0.0,0,0.0,0.0,0.0
2011-09-06 16:00:01,0.111974522293,0.0,0,0.0,0.0,0.0
2011-09-06 17:00:01,0.0947324613555,0.0,0,0.0,0.0,0.0
2011-09-06 18:00:01,0.112244224422,0.073832318092,0,0.0,0.0,0.0
2011-09-06 19:00:01,0.102278911565,0.0,0,0.0,0.0,0.0
2011-09-06 20:00:01,0.0928500496524,0.156086985588,0,0.0,0.0,0.0
2011-09-06 21:00:01,0.0991582733813,0.0,0,0.0,0.0,0.0
2011-09-06 22:00:01,0.0976913580247,0.258543710926,0,0.0,0.0,0.0
2011-09-06 23:00:01,0.0857002111189,0.170360230691,0,0.0,0.0,0.0
2011-09-07 00:00:01,0.0823789294817,0.237466577015,0,0.0,0.0,0.0
2011-09-07 01:00:01,0.0659537882859,0.0,0,0.0,0.0,0.0
2011-09-07 02:00:01,0.0494587280108,0.0,0,0.0,0.0,0.0
2011-09-07 03:00:01,0.0497890818859,0.0,0,0.0,0.0,0.0
2011-09-07 04:00:01,0.0654583772392,0.00935106010658,0,0.0,0.0,0.0
2011-09-07 05:00:01,0.0896212121212,0.0,0,0.0,0.0,0.0
2011-09-07 06:00:01,0.111073619632,0.0,0,0.0,0.0,0.0
2011-09-07 07:00:01,0.101031746032,0.0,0,0.0,0.0,0.0
2011-09-07 08:00:01,0.151616766467,0.0,0,0.0,0.0,0.0
2011-09-07 09:00:01,0.124743589744,0.061542275626,0,0.0,0.0,0.0
2011-09-07 10:00:01,0.135588235294,0.0,0,0.0,0.0,0.0
2011-09-07 11:00:01,0.0946623794212,0.657506493689,0,0.0,0.0,0.0
2011-09-07 12:00:01,0.097656612529,0.0816520777105,0,0.0,0.0,0.0
2011-09-07 13:00:01,0.0962009803922,0.0783341499227,0,0.0,0.0,0.0
2011-09-07 14:00:01,0.0853863636364,0.0,0,0.0,0.0,0.0
2011-09-07 15:00:01,0.109326923077,0.64189907203,0,0.0,0.0,0.0
